id,Danceability
17170,4.0
17171,6.0
17172,5.0
17173,3.0
17174,4.0
17175,5.0
17176,2.0
17177,1.0
17178,5.0
17179,1.0
17180,3.0
17181,5.0
17182,5.0
17183,4.0
17184,3.0
17185,5.0
17186,5.0
17187,2.0
17188,5.0
17189,4.0
17190,7.0
17191,5.0
17192,6.0
17193,7.0
17194,5.0
17195,7.0
17196,7.0
17197,5.0
17198,7.0
17199,4.0
17200,1.0
17201,3.0
17202,2.0
17203,0.0
17204,3.0
17205,2.0
17206,3.0
17207,1.0
17208,1.0
17209,2.0
17210,3.0
17211,3.0
17212,0.0
17213,6.0
17214,6.0
17215,4.0
17216,5.0
17217,5.0
17218,5.0
17219,5.0
17220,5.0
17221,1.0
17222,2.0
17223,2.0
17224,1.0
17225,1.0
17226,4.0
17227,3.0
17228,3.0
17229,2.0
17230,0.0
17231,1.0
17232,4.0
17233,2.0
17234,0.0
17235,3.0
17236,3.0
17237,1.0
17238,0.0
17239,2.0
17240,0.0
17241,0.0
17242,0.0
17243,2.0
17244,0.0
17245,1.0
17246,2.0
17247,5.0
17248,1.0
17249,4.0
17250,0.0
17251,3.0
17252,3.0
17253,2.0
17254,2.0
17255,4.0
17256,6.0
17257,3.0
17258,2.0
17259,2.0
17260,3.0
17261,3.0
17262,4.0
17263,7.0
17264,4.0
17265,3.0
17266,4.0
17267,3.0
17268,5.0
17269,4.0
17270,6.0
17271,6.0
17272,5.0
17273,4.0
17274,7.0
17275,6.0
17276,4.0
17277,1.0
17278,3.0
17279,2.0
17280,2.0
17281,2.0
17282,0.0
17283,6.0
17284,6.0
17285,7.0
17286,2.0
17287,2.0
17288,6.0
17289,5.0
17290,4.0
17291,3.0
17292,4.0
17293,4.0
17294,7.0
17295,4.0
17296,5.0
17297,2.0
17298,4.0
17299,7.0
17300,5.0
17301,6.0
17302,7.0
17303,1.0
17304,6.0
17305,1.0
17306,1.0
17307,3.0
17308,4.0
17309,6.0
17310,6.0
17311,5.0
17312,1.0
17313,5.0
17314,4.0
17315,5.0
17316,5.0
17317,5.0
17318,1.0
17319,3.0
17320,7.0
17321,5.0
17322,2.0
17323,2.0
17324,1.0
17325,3.0
17326,6.0
17327,3.0
17328,0.0
17329,5.0
17330,3.0
17331,3.0
17332,2.0
17333,1.0
17334,1.0
17335,2.0
17336,7.0
17337,4.0
17338,6.0
17339,5.0
17340,5.0
17341,6.0
17342,1.0
17343,1.0
17344,0.0
17345,1.0
17346,6.0
17347,2.0
17348,3.0
17349,1.0
17350,3.0
17351,1.0
17352,3.0
17353,3.0
17354,4.0
17355,4.0
17356,3.0
17357,4.0
17358,1.0
17359,7.0
17360,5.0
17361,4.0
17362,4.0
17363,5.0
17364,6.0
17365,5.0
17366,4.0
17367,5.0
17368,7.0
17369,7.0
17370,6.0
17371,5.0
17372,1.0
17373,4.0
17374,5.0
17375,4.0
17376,2.0
17377,0.0
17378,1.0
17379,6.0
17380,6.0
17381,6.0
17382,5.0
17383,6.0
17384,8.0
17385,4.0
17386,4.0
17387,4.0
17388,6.0
17389,6.0
17390,6.0
17391,7.0
17392,6.0
17393,5.0
17394,4.0
17395,4.0
17396,7.0
17397,3.0
17398,4.0
17399,2.0
17400,4.0
17401,4.0
17402,5.0
17403,5.0
17404,3.0
17405,5.0
17406,2.0
17407,2.0
17408,3.0
17409,2.0
17410,2.0
17411,5.0
17412,1.0
17413,7.0
17414,5.0
17415,1.0
17416,4.0
17417,3.0
17418,5.0
17419,5.0
17420,2.0
17421,6.0
17422,2.0
17423,0.0
17424,5.0
17425,5.0
17426,4.0
17427,3.0
17428,1.0
17429,5.0
17430,3.0
17431,3.0
17432,5.0
17433,2.0
17434,5.0
17435,3.0
17436,2.0
17437,2.0
17438,6.0
17439,3.0
17440,1.0
17441,2.0
17442,1.0
17443,3.0
17444,2.0
17445,2.0
17446,2.0
17447,5.0
17448,0.0
17449,4.0
17450,4.0
17451,3.0
17452,3.0
17453,7.0
17454,6.0
17455,3.0
17456,5.0
17457,3.0
17458,4.0
17459,6.0
17460,0.0
17461,5.0
17462,1.0
17463,2.0
17464,3.0
17465,0.0
17466,3.0
17467,2.0
17468,5.0
17469,3.0
17470,2.0
17471,6.0
17472,4.0
17473,4.0
17474,3.0
17475,3.0
17476,6.0
17477,4.0
17478,7.0
17479,3.0
17480,4.0
17481,3.0
17482,6.0
17483,6.0
17484,4.0
17485,4.0
17486,5.0
17487,1.0
17488,4.0
17489,1.0
17490,4.0
17491,3.0
17492,3.0
17493,4.0
17494,5.0
17495,2.0
17496,5.0
17497,7.0
17498,7.0
17499,3.0
17500,1.0
17501,2.0
17502,4.0
17503,2.0
17504,2.0
17505,0.0
17506,1.0
17507,1.0
17508,3.0
17509,7.0
17510,5.0
17511,4.0
17512,6.0
17513,5.0
17514,3.0
17515,5.0
17516,3.0
17517,1.0
17518,4.0
17519,8.0
17520,4.0
17521,7.0
17522,4.0
17523,3.0
17524,3.0
17525,7.0
17526,5.0
17527,4.0
17528,4.0
17529,4.0
17530,0.0
17531,4.0
17532,4.0
17533,1.0
17534,5.0
17535,5.0
17536,2.0
17537,6.0
17538,3.0
17539,3.0
17540,5.0
17541,5.0
17542,0.0
17543,5.0
17544,5.0
17545,5.0
17546,4.0
17547,4.0
17548,4.0
17549,3.0
17550,5.0
17551,6.0
17552,4.0
17553,2.0
17554,5.0
17555,5.0
17556,2.0
17557,1.0
17558,4.0
17559,7.0
17560,7.0
17561,3.0
17562,3.0
17563,3.0
17564,2.0
17565,6.0
17566,6.0
17567,1.0
17568,3.0
17569,0.0
17570,1.0
17571,6.0
17572,4.0
17573,4.0
17574,1.0
17575,4.0
17576,2.0
17577,2.0
17578,6.0
17579,7.0
17580,6.0
17581,6.0
17582,2.0
17583,2.0
17584,2.0
17585,5.0
17586,6.0
17587,4.0
17588,4.0
17589,3.0
17590,6.0
17591,6.0
17592,3.0
17593,3.0
17594,4.0
17595,6.0
17596,2.0
17597,2.0
17598,4.0
17599,5.0
17600,2.0
17601,5.0
17602,5.0
17603,1.0
17604,3.0
17605,1.0
17606,0.0
17607,3.0
17608,3.0
17609,6.0
17610,1.0
17611,4.0
17612,1.0
17613,4.0
17614,1.0
17615,4.0
17616,3.0
17617,4.0
17618,1.0
17619,2.0
17620,2.0
17621,1.0
17622,4.0
17623,3.0
17624,2.0
17625,3.0
17626,7.0
17627,4.0
17628,2.0
17629,5.0
17630,5.0
17631,1.0
17632,5.0
17633,0.0
17634,2.0
17635,2.0
17636,4.0
17637,0.0
17638,0.0
17639,3.0
17640,1.0
17641,1.0
17642,5.0
17643,3.0
17644,4.0
17645,0.0
17646,1.0
17647,2.0
17648,6.0
17649,1.0
17650,4.0
17651,1.0
17652,1.0
17653,5.0
17654,2.0
17655,1.0
17656,2.0
17657,0.0
17658,1.0
17659,0.0
17660,1.0
17661,0.0
17662,0.0
17663,0.0
17664,0.0
17665,0.0
17666,0.0
17667,5.0
17668,2.0
17669,0.0
17670,2.0
17671,0.0
17672,2.0
17673,1.0
17674,1.0
17675,1.0
17676,4.0
17677,1.0
17678,0.0
17679,1.0
17680,1.0
17681,6.0
17682,5.0
17683,3.0
17684,1.0
17685,5.0
17686,2.0
17687,0.0
17688,1.0
17689,1.0
17690,2.0
17691,2.0
17692,1.0
17693,1.0
17694,1.0
17695,5.0
17696,1.0
17697,0.0
17698,0.0
17699,1.0
17700,1.0
17701,5.0
17702,2.0
17703,3.0
17704,2.0
17705,6.0
17706,2.0
17707,2.0
17708,6.0
17709,4.0
17710,1.0
17711,1.0
17712,5.0
17713,5.0
17714,1.0
17715,0.0
17716,1.0
17717,0.0
17718,2.0
17719,1.0
17720,1.0
17721,0.0
17722,0.0
17723,1.0
17724,0.0
17725,0.0
17726,2.0
17727,1.0
17728,3.0
17729,0.0
17730,6.0
17731,0.0
17732,1.0
17733,1.0
17734,3.0
17735,5.0
17736,2.0
17737,1.0
17738,4.0
17739,1.0
17740,1.0
17741,0.0
17742,7.0
17743,7.0
17744,4.0
17745,5.0
17746,2.0
17747,1.0
17748,1.0
17749,1.0
17750,5.0
17751,1.0
17752,3.0
17753,3.0
17754,5.0
17755,2.0
17756,5.0
17757,3.0
17758,4.0
17759,0.0
17760,0.0
17761,0.0
17762,0.0
17763,6.0
17764,0.0
17765,7.0
17766,2.0
17767,4.0
17768,7.0
17769,2.0
17770,5.0
17771,5.0
17772,5.0
17773,7.0
17774,5.0
17775,3.0
17776,2.0
17777,2.0
17778,3.0
17779,7.0
17780,3.0
17781,2.0
17782,2.0
17783,7.0
17784,4.0
17785,0.0
17786,5.0
17787,1.0
17788,1.0
17789,5.0
17790,0.0
17791,3.0
17792,1.0
17793,3.0
17794,3.0
17795,8.0
17796,7.0
17797,7.0
17798,5.0
17799,6.0
17800,6.0
17801,2.0
17802,7.0
17803,5.0
17804,8.0
17805,3.0
17806,4.0
17807,1.0
17808,0.0
17809,8.0
17810,4.0
17811,1.0
17812,5.0
17813,5.0
17814,3.0
17815,2.0
17816,4.0
17817,1.0
17818,5.0
17819,5.0
17820,5.0
17821,2.0
17822,4.0
17823,5.0
17824,1.0
17825,6.0
17826,4.0
17827,5.0
17828,5.0
17829,5.0
17830,3.0
17831,4.0
17832,4.0
17833,1.0
17834,2.0
17835,4.0
17836,1.0
17837,0.0
17838,5.0
17839,1.0
17840,2.0
17841,6.0
17842,5.0
17843,5.0
17844,4.0
17845,7.0
17846,5.0
17847,5.0
17848,6.0
17849,7.0
17850,6.0
17851,6.0
17852,2.0
17853,6.0
17854,6.0
17855,1.0
17856,4.0
17857,6.0
17858,1.0
17859,6.0
17860,6.0
17861,2.0
17862,1.0
17863,2.0
17864,3.0
17865,5.0
17866,6.0
17867,1.0
17868,2.0
17869,6.0
17870,6.0
17871,1.0
17872,6.0
17873,5.0
17874,3.0
17875,2.0
17876,1.0
17877,5.0
17878,5.0
17879,3.0
17880,1.0
17881,2.0
17882,3.0
17883,2.0
17884,5.0
17885,1.0
17886,0.0
17887,3.0
17888,5.0
17889,5.0
17890,1.0
17891,4.0
17892,1.0
17893,1.0
17894,2.0
17895,4.0
17896,8.0
17897,3.0
17898,7.0
17899,1.0
17900,5.0
17901,6.0
17902,5.0
17903,6.0
17904,4.0
17905,7.0
17906,3.0
17907,5.0
17908,1.0
17909,4.0
17910,4.0
17911,4.0
17912,3.0
17913,2.0
17914,0.0
17915,4.0
17916,2.0
17917,4.0
17918,3.0
17919,1.0
17920,2.0
17921,0.0
17922,1.0
17923,4.0
17924,5.0
17925,1.0
17926,0.0
17927,3.0
17928,1.0
17929,4.0
17930,2.0
17931,1.0
17932,3.0
17933,5.0
17934,6.0
17935,4.0
17936,7.0
17937,5.0
17938,5.0
17939,3.0
17940,1.0
17941,7.0
17942,6.0
17943,6.0
17944,1.0
17945,4.0
17946,2.0
17947,2.0
17948,3.0
17949,2.0
17950,0.0
17951,1.0
17952,6.0
17953,0.0
17954,3.0
17955,5.0
17956,6.0
17957,5.0
17958,7.0
17959,6.0
17960,1.0
17961,2.0
17962,2.0
17963,6.0
17964,6.0
17965,7.0
17966,6.0
17967,1.0
17968,6.0
17969,5.0
17970,6.0
17971,4.0
17972,2.0
17973,5.0
17974,4.0
17975,5.0
17976,4.0
17977,5.0
17978,3.0
17979,5.0
17980,4.0
17981,3.0
17982,1.0
17983,4.0
17984,5.0
17985,4.0
17986,4.0
17987,4.0
17988,5.0
17989,5.0
17990,5.0
17991,7.0
17992,5.0
17993,7.0
17994,0.0
17995,2.0
17996,6.0
17997,2.0
17998,6.0
17999,5.0
18000,5.0
18001,6.0
18002,3.0
18003,2.0
18004,3.0
18005,1.0
18006,4.0
18007,0.0
18008,4.0
18009,3.0
18010,3.0
18011,6.0
18012,2.0
18013,6.0
18014,2.0
18015,2.0
18016,2.0
18017,4.0
18018,2.0
18019,5.0
18020,3.0
18021,4.0
18022,5.0
18023,2.0
18024,3.0
18025,5.0
18026,4.0
18027,5.0
18028,4.0
18029,1.0
18030,0.0
18031,0.0
18032,0.0
18033,0.0
18034,1.0
18035,0.0
18036,2.0
18037,0.0
18038,4.0
18039,6.0
18040,6.0
18041,7.0
18042,4.0
18043,2.0
18044,3.0
18045,2.0
18046,4.0
18047,5.0
18048,3.0
18049,2.0
18050,5.0
18051,4.0
18052,3.0
18053,5.0
18054,1.0
18055,3.0
18056,5.0
18057,5.0
18058,4.0
18059,2.0
18060,5.0
18061,3.0
18062,5.0
18063,6.0
18064,1.0
18065,4.0
18066,7.0
18067,5.0
18068,6.0
18069,3.0
18070,6.0
18071,3.0
18072,3.0
18073,4.0
18074,5.0
18075,6.0
18076,2.0
18077,4.0
18078,4.0
18079,2.0
18080,2.0
18081,6.0
18082,4.0
18083,2.0
18084,5.0
18085,6.0
18086,7.0
18087,3.0
18088,4.0
18089,5.0
18090,5.0
18091,0.0
18092,4.0
18093,0.0
18094,3.0
18095,4.0
18096,3.0
18097,2.0
18098,3.0
18099,2.0
18100,1.0
18101,1.0
18102,5.0
18103,4.0
18104,6.0
18105,5.0
18106,4.0
18107,4.0
18108,0.0
18109,5.0
18110,5.0
18111,3.0
18112,4.0
18113,4.0
18114,5.0
18115,1.0
18116,5.0
18117,6.0
18118,6.0
18119,3.0
18120,4.0
18121,2.0
18122,3.0
18123,1.0
18124,6.0
18125,5.0
18126,0.0
18127,3.0
18128,6.0
18129,2.0
18130,6.0
18131,2.0
18132,4.0
18133,1.0
18134,1.0
18135,2.0
18136,4.0
18137,4.0
18138,6.0
18139,5.0
18140,0.0
18141,4.0
18142,2.0
18143,2.0
18144,3.0
18145,4.0
18146,4.0
18147,1.0
18148,1.0
18149,2.0
18150,6.0
18151,7.0
18152,6.0
18153,7.0
18154,5.0
18155,5.0
18156,4.0
18157,7.0
18158,1.0
18159,6.0
18160,6.0
18161,4.0
18162,6.0
18163,5.0
18164,3.0
18165,5.0
18166,1.0
18167,6.0
18168,2.0
18169,5.0
18170,6.0
18171,7.0
18172,3.0
18173,4.0
18174,7.0
18175,4.0
18176,4.0
18177,2.0
18178,3.0
18179,6.0
18180,6.0
18181,4.0
18182,6.0
18183,4.0
18184,5.0
18185,6.0
18186,3.0
18187,3.0
18188,4.0
18189,0.0
18190,1.0
18191,3.0
18192,4.0
18193,1.0
18194,1.0
18195,3.0
18196,4.0
18197,4.0
18198,0.0
18199,0.0
18200,1.0
18201,0.0
18202,0.0
18203,0.0
18204,0.0
18205,0.0
18206,3.0
18207,0.0
18208,3.0
18209,0.0
18210,4.0
18211,7.0
18212,7.0
18213,5.0
18214,7.0
18215,5.0
18216,4.0
18217,5.0
18218,3.0
18219,4.0
18220,4.0
18221,1.0
18222,4.0
18223,6.0
18224,6.0
18225,2.0
18226,2.0
18227,2.0
18228,6.0
18229,6.0
18230,2.0
18231,3.0
18232,3.0
18233,3.0
18234,2.0
18235,5.0
18236,4.0
18237,2.0
18238,2.0
18239,5.0
18240,6.0
18241,4.0
18242,4.0
18243,6.0
18244,5.0
18245,6.0
18246,6.0
18247,3.0
18248,5.0
18249,1.0
18250,6.0
18251,4.0
18252,4.0
18253,3.0
18254,2.0
18255,2.0
18256,1.0
18257,1.0
18258,0.0
18259,6.0
18260,5.0
18261,5.0
18262,1.0
18263,0.0
18264,0.0
18265,4.0
18266,0.0
18267,0.0
18268,0.0
18269,2.0
18270,3.0
18271,2.0
18272,2.0
18273,1.0
18274,3.0
18275,3.0
18276,1.0
18277,2.0
18278,2.0
18279,3.0
18280,7.0
18281,4.0
18282,3.0
18283,5.0
18284,1.0
18285,3.0
18286,0.0
18287,3.0
18288,2.0
18289,5.0
18290,3.0
18291,7.0
18292,6.0
18293,3.0
18294,2.0
18295,3.0
18296,1.0
18297,7.0
18298,1.0
18299,2.0
18300,4.0
18301,2.0
18302,4.0
18303,4.0
18304,6.0
18305,3.0
18306,4.0
18307,1.0
18308,7.0
18309,6.0
18310,6.0
18311,6.0
18312,3.0
18313,4.0
18314,2.0
18315,3.0
18316,6.0
18317,3.0
18318,1.0
18319,1.0
18320,0.0
18321,1.0
18322,0.0
18323,5.0
18324,1.0
18325,5.0
18326,5.0
18327,7.0
18328,2.0
18329,7.0
18330,3.0
18331,5.0
18332,4.0
18333,1.0
18334,1.0
18335,4.0
18336,2.0
18337,2.0
18338,0.0
18339,1.0
18340,2.0
18341,4.0
18342,2.0
18343,2.0
18344,3.0
18345,4.0
18346,1.0
18347,1.0
18348,0.0
18349,3.0
18350,4.0
18351,5.0
18352,3.0
18353,6.0
18354,5.0
18355,3.0
18356,3.0
18357,2.0
18358,4.0
18359,3.0
18360,5.0
18361,2.0
18362,1.0
18363,4.0
18364,6.0
18365,1.0
18366,4.0
18367,4.0
18368,4.0
18369,2.0
18370,7.0
18371,3.0
18372,1.0
18373,4.0
18374,7.0
18375,8.0
18376,2.0
18377,4.0
18378,3.0
18379,7.0
18380,3.0
18381,5.0
18382,4.0
18383,6.0
18384,4.0
18385,5.0
18386,7.0
18387,6.0
18388,4.0
18389,5.0
18390,6.0
18391,0.0
18392,1.0
18393,0.0
18394,4.0
18395,0.0
18396,1.0
18397,0.0
18398,0.0
18399,2.0
18400,5.0
18401,0.0
18402,0.0
18403,6.0
18404,0.0
18405,4.0
18406,3.0
18407,3.0
18408,3.0
18409,5.0
18410,7.0
18411,1.0
18412,1.0
18413,2.0
18414,4.0
18415,2.0
18416,7.0
18417,5.0
18418,0.0
18419,0.0
18420,0.0
18421,1.0
18422,0.0
18423,1.0
18424,0.0
18425,0.0
18426,0.0
18427,0.0
18428,2.0
18429,3.0
18430,4.0
18431,1.0
18432,2.0
18433,4.0
18434,1.0
18435,1.0
18436,1.0
18437,1.0
18438,2.0
18439,0.0
18440,0.0
18441,3.0
18442,2.0
18443,4.0
18444,1.0
18445,1.0
18446,4.0
18447,2.0
18448,7.0
18449,2.0
18450,3.0
18451,0.0
18452,3.0
18453,4.0
18454,3.0
18455,1.0
18456,6.0
18457,3.0
18458,5.0
18459,2.0
18460,3.0
18461,4.0
18462,6.0
18463,3.0
18464,7.0
18465,4.0
18466,1.0
18467,1.0
18468,2.0
18469,3.0
18470,3.0
18471,3.0
18472,4.0
18473,3.0
18474,3.0
18475,1.0
18476,0.0
18477,3.0
18478,4.0
18479,3.0
18480,5.0
18481,2.0
18482,1.0
18483,2.0
18484,6.0
18485,6.0
18486,1.0
18487,2.0
18488,1.0
18489,6.0
18490,6.0
18491,4.0
18492,4.0
18493,1.0
18494,4.0
18495,5.0
18496,5.0
18497,2.0
18498,2.0
18499,4.0
18500,2.0
18501,2.0
18502,5.0
18503,6.0
18504,3.0
18505,4.0
18506,3.0
18507,3.0
18508,4.0
18509,7.0
18510,5.0
18511,6.0
18512,3.0
18513,4.0
18514,4.0
18515,5.0
18516,2.0
18517,1.0
18518,2.0
18519,3.0
18520,5.0
18521,3.0
18522,0.0
18523,4.0
18524,3.0
18525,1.0
18526,2.0
18527,2.0
18528,6.0
18529,5.0
18530,4.0
18531,1.0
18532,6.0
18533,4.0
18534,3.0
18535,0.0
18536,2.0
18537,5.0
18538,8.0
18539,2.0
18540,0.0
18541,2.0
18542,1.0
18543,5.0
18544,4.0
18545,1.0
18546,2.0
18547,5.0
18548,2.0
18549,6.0
18550,0.0
18551,0.0
18552,2.0
18553,2.0
18554,1.0
18555,4.0
18556,3.0
18557,0.0
18558,2.0
18559,3.0
18560,7.0
18561,1.0
18562,4.0
18563,3.0
18564,4.0
18565,4.0
18566,5.0
18567,3.0
18568,4.0
18569,4.0
18570,6.0
18571,6.0
18572,4.0
18573,5.0
18574,4.0
18575,3.0
18576,0.0
18577,1.0
18578,4.0
18579,6.0
18580,4.0
18581,0.0
18582,1.0
18583,6.0
18584,1.0
18585,6.0
18586,1.0
18587,4.0
18588,6.0
18589,1.0
18590,0.0
18591,5.0
18592,0.0
18593,1.0
18594,0.0
18595,4.0
18596,0.0
18597,1.0
18598,1.0
18599,0.0
18600,2.0
18601,4.0
18602,6.0
18603,2.0
18604,6.0
18605,6.0
18606,5.0
18607,4.0
18608,3.0
18609,1.0
18610,5.0
18611,1.0
18612,3.0
18613,1.0
18614,5.0
18615,1.0
18616,1.0
18617,4.0
18618,3.0
18619,2.0
18620,0.0
18621,4.0
18622,0.0
18623,4.0
18624,1.0
18625,5.0
18626,0.0
18627,4.0
18628,3.0
18629,1.0
18630,3.0
18631,2.0
18632,2.0
18633,0.0
18634,5.0
18635,2.0
18636,5.0
18637,0.0
18638,1.0
18639,2.0
18640,2.0
18641,2.0
18642,3.0
18643,0.0
18644,5.0
18645,0.0
18646,2.0
18647,1.0
18648,0.0
18649,0.0
18650,2.0
18651,0.0
18652,2.0
18653,4.0
18654,4.0
18655,5.0
18656,5.0
18657,1.0
18658,7.0
18659,5.0
18660,7.0
18661,6.0
18662,6.0
18663,5.0
18664,4.0
18665,2.0
18666,3.0
18667,4.0
18668,6.0
18669,2.0
18670,0.0
18671,6.0
18672,0.0
18673,5.0
18674,2.0
18675,3.0
18676,0.0
18677,1.0
18678,4.0
18679,3.0
18680,2.0
18681,0.0
18682,1.0
18683,4.0
18684,5.0
18685,2.0
18686,4.0
18687,6.0
18688,1.0
18689,3.0
18690,4.0
18691,6.0
18692,3.0
18693,0.0
18694,5.0
18695,3.0
18696,2.0
18697,1.0
18698,0.0
18699,0.0
18700,3.0
18701,3.0
18702,5.0
18703,5.0
18704,3.0
18705,2.0
18706,5.0
18707,1.0
18708,6.0
18709,1.0
18710,3.0
18711,4.0
18712,3.0
18713,2.0
18714,5.0
18715,5.0
18716,5.0
18717,2.0
18718,6.0
18719,5.0
18720,1.0
18721,4.0
18722,1.0
18723,3.0
18724,5.0
18725,4.0
18726,4.0
18727,5.0
18728,6.0
18729,6.0
18730,7.0
18731,6.0
18732,4.0
18733,7.0
18734,6.0
18735,1.0
18736,1.0
18737,2.0
18738,4.0
18739,3.0
18740,4.0
18741,5.0
18742,4.0
18743,3.0
18744,3.0
18745,0.0
18746,1.0
18747,0.0
18748,3.0
18749,4.0
18750,0.0
18751,5.0
18752,0.0
18753,1.0
18754,0.0
18755,1.0
18756,0.0
18757,1.0
18758,0.0
18759,1.0
18760,6.0
18761,5.0
18762,7.0
18763,2.0
18764,4.0
18765,2.0
18766,3.0
18767,5.0
18768,4.0
18769,2.0
18770,7.0
18771,6.0
18772,4.0
18773,6.0
18774,1.0
18775,1.0
18776,0.0
18777,7.0
18778,6.0
18779,3.0
18780,7.0
18781,6.0
18782,4.0
18783,3.0
18784,0.0
18785,1.0
18786,4.0
18787,5.0
18788,5.0
18789,8.0
18790,5.0
18791,7.0
18792,6.0
18793,3.0
18794,7.0
18795,4.0
18796,6.0
18797,3.0
18798,5.0
18799,1.0
18800,3.0
18801,3.0
18802,2.0
18803,4.0
18804,6.0
18805,3.0
18806,0.0
18807,1.0
18808,1.0
18809,2.0
18810,2.0
18811,4.0
18812,0.0
18813,1.0
18814,2.0
18815,5.0
18816,5.0
18817,2.0
18818,1.0
18819,5.0
18820,0.0
18821,2.0
18822,2.0
18823,4.0
18824,3.0
18825,3.0
18826,3.0
18827,4.0
18828,5.0
18829,2.0
18830,5.0
18831,5.0
18832,1.0
18833,3.0
18834,5.0
18835,5.0
18836,3.0
18837,7.0
18838,5.0
18839,5.0
18840,5.0
18841,5.0
18842,1.0
18843,6.0
18844,5.0
18845,0.0
18846,0.0
18847,1.0
18848,1.0
18849,0.0
18850,0.0
18851,0.0
18852,1.0
18853,0.0
18854,0.0
18855,1.0
18856,0.0
18857,1.0
18858,1.0
18859,0.0
18860,1.0
18861,0.0
18862,1.0
18863,0.0
18864,1.0
18865,6.0
18866,2.0
18867,5.0
18868,2.0
18869,5.0
18870,5.0
18871,3.0
18872,8.0
18873,6.0
18874,5.0
18875,2.0
18876,6.0
18877,5.0
18878,2.0
18879,5.0
18880,6.0
18881,3.0
18882,2.0
18883,1.0
18884,3.0
18885,3.0
18886,6.0
18887,4.0
18888,5.0
18889,1.0
18890,0.0
18891,7.0
18892,6.0
18893,3.0
18894,1.0
18895,0.0
18896,4.0
18897,5.0
18898,1.0
18899,3.0
18900,3.0
18901,1.0
18902,2.0
18903,2.0
18904,1.0
18905,4.0
18906,0.0
18907,0.0
18908,0.0
18909,0.0
18910,1.0
18911,1.0
18912,0.0
18913,0.0
18914,0.0
18915,0.0
18916,3.0
18917,7.0
18918,5.0
18919,1.0
18920,6.0
18921,5.0
18922,2.0
18923,6.0
18924,4.0
18925,4.0
18926,3.0
18927,3.0
18928,4.0
18929,1.0
18930,5.0
18931,4.0
18932,3.0
18933,2.0
18934,4.0
18935,6.0
18936,5.0
18937,1.0
18938,7.0
18939,2.0
18940,5.0
18941,4.0
18942,1.0
18943,4.0
18944,2.0
18945,4.0
18946,2.0
18947,7.0
18948,6.0
18949,6.0
18950,2.0
18951,5.0
18952,7.0
18953,2.0
18954,5.0
18955,3.0
18956,3.0
18957,2.0
18958,3.0
18959,3.0
18960,3.0
18961,3.0
18962,3.0
18963,4.0
18964,3.0
18965,1.0
18966,2.0
18967,5.0
18968,2.0
18969,0.0
18970,1.0
18971,3.0
18972,6.0
18973,6.0
18974,4.0
18975,5.0
18976,3.0
18977,5.0
18978,7.0
18979,2.0
18980,3.0
18981,6.0
18982,4.0
18983,1.0
18984,1.0
18985,5.0
18986,2.0
18987,3.0
18988,5.0
18989,5.0
18990,2.0
18991,0.0
18992,1.0
18993,3.0
18994,3.0
18995,4.0
18996,6.0
18997,4.0
18998,3.0
18999,5.0
19000,6.0
19001,0.0
19002,3.0
19003,4.0
19004,2.0
19005,2.0
19006,2.0
19007,3.0
19008,1.0
19009,6.0
19010,4.0
19011,5.0
19012,5.0
19013,2.0
19014,6.0
19015,3.0
19016,3.0
19017,5.0
19018,3.0
19019,2.0
19020,2.0
19021,2.0
19022,5.0
19023,1.0
19024,5.0
19025,1.0
19026,5.0
19027,1.0
19028,4.0
19029,6.0
19030,2.0
19031,2.0
19032,0.0
19033,5.0
19034,4.0
19035,3.0
19036,1.0
19037,0.0
19038,1.0
19039,2.0
19040,3.0
19041,2.0
19042,2.0
19043,0.0
19044,4.0
19045,6.0
19046,2.0
19047,4.0
19048,0.0
19049,3.0
19050,0.0
19051,0.0
19052,4.0
19053,1.0
19054,2.0
19055,2.0
19056,0.0
19057,2.0
19058,6.0
19059,5.0
19060,2.0
19061,4.0
19062,6.0
19063,7.0
19064,7.0
19065,2.0
19066,3.0
19067,6.0
19068,0.0
19069,1.0
19070,1.0
19071,4.0
19072,4.0
19073,0.0
19074,1.0
19075,5.0
19076,6.0
19077,0.0
19078,0.0
19079,0.0
19080,4.0
19081,0.0
19082,1.0
19083,2.0
19084,4.0
19085,4.0
19086,1.0
19087,0.0
19088,3.0
19089,1.0
19090,4.0
19091,3.0
19092,1.0
19093,0.0
19094,2.0
19095,2.0
19096,0.0
19097,0.0
19098,3.0
19099,3.0
19100,2.0
19101,4.0
19102,0.0
19103,1.0
19104,5.0
19105,1.0
19106,3.0
19107,1.0
19108,0.0
19109,1.0
19110,1.0
19111,0.0
19112,2.0
19113,1.0
19114,1.0
19115,2.0
19116,0.0
19117,0.0
19118,3.0
19119,2.0
19120,3.0
19121,2.0
19122,2.0
19123,0.0
19124,3.0
19125,3.0
19126,1.0
19127,0.0
19128,0.0
19129,2.0
19130,4.0
19131,1.0
19132,3.0
19133,4.0
19134,2.0
19135,6.0
19136,5.0
19137,3.0
19138,0.0
19139,0.0
19140,1.0
19141,5.0
19142,2.0
19143,2.0
19144,0.0
19145,7.0
19146,3.0
19147,1.0
19148,6.0
19149,2.0
19150,5.0
19151,6.0
19152,3.0
19153,6.0
19154,5.0
19155,5.0
19156,5.0
19157,4.0
19158,5.0
19159,5.0
19160,3.0
19161,6.0
19162,7.0
19163,4.0
19164,0.0
19165,0.0
19166,0.0
19167,1.0
19168,4.0
19169,3.0
19170,4.0
19171,2.0
19172,4.0
19173,4.0
19174,4.0
19175,2.0
19176,5.0
19177,6.0
19178,3.0
19179,3.0
19180,4.0
19181,5.0
19182,4.0
19183,5.0
19184,2.0
19185,0.0
19186,4.0
19187,4.0
19188,7.0
19189,5.0
19190,4.0
19191,1.0
19192,3.0
19193,3.0
19194,6.0
19195,5.0
19196,1.0
19197,4.0
19198,4.0
19199,4.0
19200,5.0
19201,6.0
19202,5.0
19203,4.0
19204,3.0
19205,6.0
19206,3.0
19207,3.0
19208,6.0
19209,2.0
19210,3.0
19211,3.0
19212,1.0
19213,3.0
19214,6.0
19215,4.0
19216,2.0
19217,5.0
19218,3.0
19219,3.0
19220,2.0
19221,3.0
19222,6.0
19223,3.0
19224,6.0
19225,5.0
19226,5.0
19227,4.0
19228,0.0
19229,2.0
19230,5.0
19231,3.0
19232,4.0
19233,6.0
19234,2.0
19235,1.0
19236,6.0
19237,3.0
19238,2.0
19239,1.0
19240,3.0
19241,3.0
19242,2.0
19243,6.0
19244,2.0
19245,2.0
19246,4.0
19247,4.0
19248,1.0
19249,4.0
19250,3.0
19251,0.0
19252,0.0
19253,4.0
19254,3.0
19255,6.0
19256,4.0
19257,0.0
19258,2.0
19259,7.0
19260,2.0
19261,5.0
19262,5.0
19263,2.0
19264,6.0
19265,4.0
19266,4.0
19267,3.0
19268,7.0
19269,3.0
19270,3.0
19271,2.0
19272,5.0
19273,6.0
19274,4.0
19275,4.0
19276,4.0
19277,2.0
19278,3.0
19279,3.0
19280,4.0
19281,4.0
19282,2.0
19283,4.0
19284,5.0
19285,5.0
19286,6.0
19287,6.0
19288,4.0
19289,1.0
19290,3.0
19291,5.0
19292,7.0
19293,5.0
19294,3.0
19295,4.0
19296,2.0
19297,2.0
19298,3.0
19299,5.0
19300,5.0
19301,0.0
19302,3.0
19303,4.0
19304,5.0
19305,4.0
19306,5.0
19307,1.0
19308,4.0
19309,5.0
19310,2.0
19311,1.0
19312,3.0
19313,8.0
19314,2.0
19315,4.0
19316,4.0
19317,2.0
19318,2.0
19319,0.0
19320,5.0
19321,6.0
19322,5.0
19323,1.0
19324,3.0
19325,5.0
19326,1.0
19327,4.0
19328,3.0
19329,5.0
19330,5.0
19331,3.0
19332,2.0
19333,3.0
19334,3.0
19335,5.0
19336,3.0
19337,2.0
19338,4.0
19339,3.0
19340,5.0
19341,4.0
19342,3.0
19343,1.0
19344,1.0
19345,1.0
19346,3.0
19347,3.0
19348,3.0
19349,5.0
19350,3.0
19351,4.0
19352,2.0
19353,4.0
19354,5.0
19355,5.0
19356,5.0
19357,2.0
19358,5.0
19359,6.0
19360,1.0
19361,2.0
19362,6.0
19363,5.0
19364,2.0
19365,5.0
19366,2.0
19367,2.0
19368,3.0
19369,6.0
19370,3.0
19371,4.0
19372,5.0
19373,5.0
19374,3.0
19375,4.0
19376,6.0
19377,5.0
19378,2.0
19379,6.0
19380,4.0
19381,6.0
19382,3.0
19383,5.0
19384,1.0
19385,5.0
19386,3.0
19387,5.0
19388,4.0
19389,4.0
19390,6.0
19391,3.0
19392,7.0
19393,5.0
19394,1.0
19395,5.0
19396,6.0
19397,2.0
19398,4.0
19399,6.0
19400,4.0
19401,1.0
19402,5.0
19403,3.0
19404,1.0
19405,2.0
19406,4.0
19407,5.0
19408,7.0
19409,1.0
19410,5.0
19411,4.0
19412,3.0
19413,5.0
19414,3.0
19415,2.0
19416,3.0
19417,4.0
19418,6.0
19419,6.0
19420,5.0
19421,3.0
19422,5.0
19423,3.0
19424,4.0
19425,1.0
19426,2.0
19427,2.0
19428,3.0
19429,5.0
19430,7.0
19431,3.0
19432,3.0
19433,6.0
19434,7.0
19435,5.0
19436,2.0
19437,1.0
19438,4.0
19439,7.0
19440,3.0
19441,3.0
19442,2.0
19443,1.0
19444,1.0
19445,4.0
19446,7.0
19447,6.0
19448,6.0
19449,4.0
19450,6.0
19451,1.0
19452,4.0
19453,4.0
19454,1.0
19455,3.0
19456,2.0
19457,2.0
19458,2.0
19459,4.0
19460,6.0
19461,5.0
19462,7.0
19463,2.0
19464,6.0
19465,5.0
19466,4.0
19467,5.0
19468,2.0
19469,5.0
19470,2.0
19471,2.0
19472,4.0
19473,1.0
19474,5.0
19475,5.0
19476,3.0
19477,4.0
19478,5.0
19479,3.0
19480,2.0
19481,5.0
19482,4.0
19483,6.0
19484,8.0
19485,4.0
19486,6.0
19487,1.0
19488,2.0
19489,2.0
19490,6.0
19491,4.0
19492,6.0
19493,6.0
19494,2.0
19495,3.0
19496,4.0
19497,6.0
19498,6.0
19499,3.0
19500,3.0
19501,5.0
19502,2.0
19503,0.0
19504,2.0
19505,3.0
19506,6.0
19507,2.0
19508,0.0
19509,1.0
19510,4.0
19511,6.0
19512,4.0
19513,6.0
19514,6.0
19515,5.0
19516,7.0
19517,3.0
19518,4.0
19519,5.0
19520,6.0
19521,3.0
19522,4.0
19523,5.0
19524,5.0
19525,2.0
19526,6.0
19527,5.0
19528,6.0
19529,7.0
19530,2.0
19531,6.0
19532,6.0
19533,1.0
19534,7.0
19535,3.0
19536,5.0
19537,4.0
19538,3.0
19539,4.0
19540,2.0
19541,4.0
19542,1.0
19543,1.0
19544,5.0
19545,4.0
19546,4.0
19547,2.0
19548,5.0
19549,5.0
19550,3.0
19551,1.0
19552,5.0
19553,1.0
19554,5.0
19555,3.0
19556,5.0
19557,2.0
19558,1.0
19559,3.0
19560,5.0
19561,5.0
19562,5.0
19563,3.0
19564,3.0
19565,7.0
19566,3.0
19567,2.0
19568,1.0
19569,4.0
19570,7.0
19571,5.0
19572,2.0
19573,5.0
19574,6.0
19575,5.0
19576,4.0
19577,4.0
19578,1.0
19579,2.0
19580,3.0
19581,3.0
19582,5.0
19583,4.0
19584,3.0
19585,3.0
19586,4.0
19587,6.0
19588,6.0
19589,5.0
19590,5.0
19591,4.0
19592,3.0
19593,6.0
19594,7.0
19595,4.0
19596,0.0
19597,0.0
19598,1.0
19599,3.0
19600,3.0
19601,6.0
19602,1.0
19603,5.0
19604,3.0
19605,6.0
19606,5.0
19607,7.0
19608,8.0
19609,6.0
19610,5.0
19611,0.0
19612,4.0
19613,5.0
19614,4.0
19615,2.0
19616,7.0
19617,5.0
19618,4.0
19619,5.0
19620,1.0
19621,5.0
19622,3.0
19623,1.0
19624,5.0
19625,5.0
19626,4.0
19627,3.0
19628,6.0
19629,2.0
19630,2.0
19631,6.0
19632,7.0
19633,3.0
19634,2.0
19635,5.0
19636,4.0
19637,4.0
19638,7.0
19639,5.0
19640,5.0
19641,4.0
19642,3.0
19643,2.0
19644,5.0
19645,5.0
19646,7.0
19647,5.0
19648,6.0
19649,2.0
19650,3.0
19651,1.0
19652,3.0
19653,3.0
19654,4.0
19655,5.0
19656,5.0
19657,6.0
19658,4.0
19659,5.0
19660,3.0
19661,5.0
19662,6.0
19663,7.0
19664,3.0
19665,6.0
19666,1.0
19667,4.0
19668,3.0
19669,3.0
19670,3.0
19671,4.0
19672,1.0
19673,4.0
19674,7.0
19675,6.0
19676,8.0
19677,6.0
19678,4.0
19679,3.0
19680,3.0
19681,3.0
19682,3.0
19683,3.0
19684,7.0
19685,0.0
19686,2.0
19687,3.0
19688,3.0
19689,4.0
19690,6.0
19691,4.0
19692,4.0
19693,6.0
19694,1.0
19695,3.0
19696,5.0
19697,1.0
19698,4.0
19699,5.0
19700,4.0
19701,1.0
19702,2.0
19703,5.0
19704,8.0
19705,4.0
19706,6.0
19707,3.0
19708,5.0
19709,1.0
19710,3.0
19711,6.0
19712,6.0
19713,4.0
19714,5.0
19715,6.0
19716,1.0
19717,4.0
19718,2.0
19719,3.0
19720,5.0
19721,6.0
19722,2.0
19723,2.0
19724,6.0
19725,5.0
19726,2.0
19727,3.0
19728,2.0
19729,2.0
19730,1.0
19731,4.0
19732,4.0
19733,4.0
19734,1.0
19735,2.0
19736,2.0
19737,4.0
19738,1.0
19739,5.0
19740,6.0
19741,4.0
19742,5.0
19743,3.0
19744,5.0
19745,1.0
19746,3.0
19747,4.0
19748,3.0
19749,6.0
19750,6.0
19751,6.0
19752,4.0
19753,7.0
19754,3.0
19755,6.0
19756,2.0
19757,4.0
19758,5.0
19759,3.0
19760,2.0
19761,1.0
19762,3.0
19763,5.0
19764,3.0
19765,5.0
19766,7.0
19767,2.0
19768,0.0
19769,6.0
19770,3.0
19771,7.0
19772,3.0
19773,7.0
19774,3.0
19775,6.0
19776,2.0
19777,2.0
19778,0.0
19779,2.0
19780,5.0
19781,4.0
19782,6.0
19783,1.0
19784,4.0
19785,2.0
19786,2.0
19787,6.0
19788,1.0
19789,5.0
19790,0.0
19791,7.0
19792,6.0
19793,6.0
19794,1.0
19795,5.0
19796,6.0
19797,4.0
19798,5.0
19799,5.0
19800,5.0
19801,6.0
19802,1.0
19803,2.0
19804,2.0
19805,6.0
19806,4.0
19807,6.0
19808,6.0
19809,2.0
19810,2.0
19811,2.0
19812,1.0
19813,7.0
19814,3.0
19815,5.0
19816,7.0
19817,5.0
19818,5.0
19819,5.0
19820,5.0
19821,2.0
19822,3.0
19823,3.0
19824,5.0
19825,5.0
19826,3.0
19827,6.0
19828,2.0
19829,2.0
19830,2.0
19831,5.0
19832,3.0
19833,2.0
19834,5.0
19835,2.0
19836,1.0
19837,5.0
19838,5.0
19839,4.0
19840,4.0
19841,2.0
19842,1.0
19843,4.0
19844,4.0
19845,5.0
19846,5.0
19847,4.0
19848,3.0
19849,5.0
19850,5.0
19851,4.0
19852,1.0
19853,1.0
19854,3.0
19855,4.0
19856,6.0
19857,3.0
19858,0.0
19859,6.0
19860,3.0
19861,1.0
19862,1.0
19863,4.0
19864,7.0
19865,8.0
19866,3.0
19867,3.0
19868,6.0
19869,4.0
19870,3.0
19871,1.0
19872,4.0
19873,4.0
19874,5.0
19875,7.0
19876,3.0
19877,4.0
19878,2.0
19879,7.0
19880,6.0
19881,7.0
19882,4.0
19883,6.0
19884,1.0
19885,4.0
19886,3.0
19887,0.0
19888,1.0
19889,5.0
19890,6.0
19891,3.0
19892,5.0
19893,3.0
19894,5.0
19895,6.0
19896,3.0
19897,4.0
19898,1.0
19899,4.0
19900,1.0
19901,4.0
19902,3.0
19903,6.0
19904,6.0
19905,5.0
19906,4.0
19907,7.0
19908,4.0
19909,4.0
19910,0.0
19911,2.0
19912,2.0
19913,4.0
19914,5.0
19915,1.0
19916,4.0
19917,0.0
19918,7.0
19919,3.0
19920,6.0
19921,6.0
19922,5.0
19923,6.0
19924,2.0
19925,2.0
19926,4.0
19927,3.0
19928,1.0
19929,4.0
19930,7.0
19931,1.0
19932,3.0
19933,2.0
19934,7.0
19935,4.0
19936,5.0
19937,3.0
19938,2.0
19939,4.0
19940,1.0
19941,2.0
19942,4.0
19943,3.0
19944,7.0
19945,1.0
19946,6.0
19947,4.0
19948,6.0
19949,6.0
19950,4.0
19951,1.0
19952,4.0
19953,4.0
19954,4.0
19955,1.0
19956,2.0
19957,5.0
19958,2.0
19959,6.0
19960,7.0
19961,6.0
19962,3.0
19963,5.0
19964,4.0
19965,6.0
19966,4.0
19967,2.0
19968,1.0
19969,6.0
19970,3.0
19971,2.0
19972,5.0
19973,5.0
19974,3.0
19975,7.0
19976,2.0
19977,3.0
19978,5.0
19979,3.0
19980,5.0
19981,3.0
19982,7.0
19983,4.0
19984,8.0
19985,4.0
19986,3.0
19987,6.0
19988,4.0
19989,2.0
19990,1.0
19991,2.0
19992,4.0
19993,6.0
19994,6.0
19995,1.0
19996,6.0
19997,7.0
19998,4.0
19999,3.0
20000,6.0
20001,5.0
20002,3.0
20003,3.0
20004,2.0
20005,7.0
20006,2.0
20007,4.0
20008,7.0
20009,1.0
20010,2.0
20011,5.0
20012,5.0
20013,3.0
20014,1.0
20015,6.0
20016,6.0
20017,6.0
20018,2.0
20019,6.0
20020,1.0
20021,4.0
20022,2.0
20023,4.0
20024,2.0
20025,3.0
20026,7.0
20027,2.0
20028,5.0
20029,2.0
20030,1.0
20031,5.0
20032,4.0
20033,6.0
20034,0.0
20035,6.0
20036,5.0
20037,1.0
20038,2.0
20039,5.0
20040,2.0
20041,4.0
20042,5.0
20043,3.0
20044,2.0
20045,1.0
20046,6.0
20047,8.0
20048,1.0
20049,1.0
20050,5.0
20051,6.0
20052,5.0
20053,3.0
20054,5.0
20055,3.0
20056,5.0
20057,6.0
20058,6.0
20059,6.0
20060,3.0
20061,3.0
20062,1.0
20063,6.0
20064,5.0
20065,5.0
20066,2.0
20067,4.0
20068,3.0
20069,5.0
20070,4.0
20071,4.0
20072,3.0
20073,6.0
20074,1.0
20075,7.0
20076,2.0
20077,1.0
20078,2.0
20079,2.0
20080,4.0
20081,2.0
20082,0.0
20083,5.0
20084,6.0
20085,5.0
20086,6.0
20087,0.0
20088,3.0
20089,5.0
20090,6.0
20091,1.0
20092,3.0
20093,3.0
20094,7.0
20095,1.0
20096,6.0
20097,6.0
20098,6.0
20099,4.0
20100,7.0
20101,7.0
20102,3.0
20103,2.0
20104,5.0
20105,3.0
20106,3.0
20107,3.0
20108,7.0
20109,1.0
20110,2.0
20111,7.0
20112,4.0
20113,6.0
20114,5.0
20115,3.0
20116,1.0
20117,4.0
20118,4.0
20119,5.0
20120,6.0
20121,6.0
20122,5.0
20123,7.0
20124,4.0
20125,3.0
20126,5.0
20127,4.0
20128,5.0
20129,1.0
20130,2.0
20131,6.0
20132,6.0
20133,2.0
20134,7.0
20135,1.0
20136,2.0
20137,2.0
20138,3.0
20139,5.0
20140,3.0
20141,5.0
20142,3.0
20143,6.0
20144,5.0
20145,2.0
20146,2.0
20147,5.0
20148,2.0
20149,5.0
20150,7.0
20151,1.0
20152,3.0
20153,4.0
20154,2.0
20155,5.0
20156,3.0
20157,4.0
20158,3.0
20159,3.0
20160,4.0
20161,5.0
20162,1.0
20163,4.0
20164,4.0
20165,4.0
20166,6.0
20167,4.0
20168,4.0
20169,1.0
20170,4.0
20171,4.0
20172,2.0
20173,5.0
20174,0.0
20175,2.0
20176,4.0
20177,5.0
20178,4.0
20179,6.0
20180,7.0
20181,5.0
20182,4.0
20183,3.0
20184,3.0
20185,3.0
20186,4.0
20187,0.0
20188,1.0
20189,6.0
20190,3.0
20191,4.0
20192,4.0
20193,3.0
20194,5.0
20195,2.0
20196,1.0
20197,6.0
20198,5.0
20199,6.0
20200,2.0
20201,4.0
20202,6.0
20203,5.0
20204,5.0
20205,6.0
20206,2.0
20207,1.0
20208,1.0
20209,6.0
20210,5.0
20211,4.0
20212,5.0
20213,4.0
20214,2.0
20215,4.0
20216,2.0
20217,4.0
20218,6.0
20219,3.0
20220,3.0
20221,5.0
20222,2.0
20223,5.0
20224,2.0
20225,6.0
20226,2.0
20227,5.0
20228,2.0
20229,4.0
20230,2.0
20231,3.0
20232,6.0
20233,3.0
20234,5.0
20235,4.0
20236,5.0
20237,1.0
20238,3.0
20239,3.0
20240,0.0
20241,6.0
20242,3.0
20243,5.0
20244,6.0
20245,4.0
20246,4.0
20247,5.0
20248,3.0
20249,6.0
20250,2.0
20251,0.0
20252,3.0
20253,4.0
20254,6.0
20255,1.0
20256,5.0
20257,5.0
20258,5.0
20259,0.0
20260,4.0
20261,2.0
20262,7.0
20263,4.0
20264,3.0
20265,5.0
20266,5.0
20267,2.0
20268,5.0
20269,2.0
20270,0.0
20271,5.0
20272,5.0
20273,6.0
20274,2.0
20275,5.0
20276,4.0
20277,7.0
20278,7.0
20279,2.0
20280,4.0
20281,4.0
20282,1.0
20283,4.0
20284,4.0
20285,6.0
20286,5.0
20287,3.0
20288,1.0
20289,2.0
20290,3.0
20291,7.0
20292,3.0
20293,4.0
20294,3.0
20295,6.0
20296,2.0
20297,4.0
20298,6.0
20299,6.0
20300,2.0
20301,7.0
20302,6.0
20303,4.0
20304,3.0
20305,2.0
20306,6.0
20307,0.0
20308,6.0
20309,4.0
20310,3.0
20311,2.0
20312,4.0
20313,2.0
20314,2.0
20315,2.0
20316,1.0
20317,1.0
20318,5.0
20319,7.0
20320,1.0
20321,5.0
20322,6.0
20323,0.0
20324,0.0
20325,6.0
20326,6.0
20327,2.0
20328,2.0
20329,1.0
20330,3.0
20331,1.0
20332,0.0
20333,3.0
20334,3.0
20335,3.0
20336,8.0
20337,2.0
20338,2.0
20339,3.0
20340,3.0
20341,7.0
20342,3.0
20343,5.0
20344,3.0
20345,5.0
20346,2.0
20347,4.0
20348,5.0
20349,1.0
20350,1.0
20351,6.0
20352,2.0
20353,2.0
20354,2.0
20355,6.0
20356,3.0
20357,4.0
20358,6.0
20359,3.0
20360,2.0
20361,3.0
20362,6.0
20363,4.0
20364,2.0
20365,5.0
20366,1.0
20367,6.0
20368,5.0
20369,3.0
20370,6.0
20371,5.0
20372,5.0
20373,5.0
20374,3.0
20375,6.0
20376,2.0
20377,2.0
20378,3.0
20379,4.0
20380,6.0
20381,0.0
20382,5.0
20383,5.0
20384,6.0
20385,6.0
20386,7.0
20387,4.0
20388,4.0
20389,3.0
20390,5.0
20391,6.0
20392,1.0
20393,4.0
20394,5.0
20395,2.0
20396,1.0
20397,4.0
20398,3.0
20399,6.0
20400,5.0
20401,1.0
20402,1.0
20403,5.0
20404,0.0
20405,5.0
20406,7.0
20407,5.0
20408,2.0
20409,5.0
20410,3.0
20411,1.0
20412,3.0
20413,2.0
20414,4.0
20415,7.0
20416,3.0
20417,7.0
20418,4.0
20419,4.0
20420,6.0
20421,5.0
20422,6.0
20423,4.0
20424,7.0
20425,5.0
20426,4.0
20427,6.0
20428,6.0
20429,2.0
20430,3.0
20431,3.0
20432,4.0
20433,5.0
20434,3.0
20435,5.0
20436,6.0
20437,5.0
20438,0.0
20439,1.0
20440,6.0
20441,1.0
20442,0.0
20443,4.0
20444,4.0
20445,4.0
20446,5.0
20447,5.0
20448,4.0
20449,3.0
20450,5.0
20451,2.0
20452,5.0
20453,1.0
20454,6.0
20455,0.0
20456,1.0
20457,6.0
20458,2.0
20459,1.0
20460,2.0
20461,4.0
20462,4.0
20463,5.0
20464,4.0
20465,6.0
20466,0.0
20467,4.0
20468,3.0
20469,4.0
20470,5.0
20471,4.0
20472,7.0
20473,8.0
20474,4.0
20475,6.0
20476,7.0
20477,5.0
20478,2.0
20479,5.0
20480,2.0
20481,3.0
20482,1.0
20483,5.0
20484,5.0
20485,2.0
20486,4.0
20487,2.0
20488,5.0
20489,1.0
20490,2.0
20491,3.0
20492,3.0
20493,2.0
20494,4.0
20495,2.0
20496,4.0
20497,5.0
20498,2.0
20499,4.0
20500,5.0
20501,3.0
20502,4.0
20503,3.0
20504,2.0
20505,5.0
20506,2.0
20507,3.0
20508,2.0
20509,5.0
20510,6.0
20511,3.0
20512,7.0
20513,4.0
20514,1.0
20515,3.0
20516,2.0
20517,3.0
20518,6.0
20519,3.0
20520,4.0
20521,4.0
20522,3.0
20523,2.0
20524,1.0
20525,4.0
20526,6.0
20527,1.0
20528,4.0
20529,2.0
20530,5.0
20531,5.0
20532,5.0
20533,5.0
20534,3.0
20535,3.0
20536,3.0
20537,0.0
20538,3.0
20539,3.0
20540,6.0
20541,6.0
20542,3.0
20543,4.0
20544,6.0
20545,4.0
20546,3.0
20547,4.0
20548,4.0
20549,2.0
20550,3.0
20551,6.0
20552,7.0
20553,3.0
20554,4.0
20555,6.0
20556,1.0
20557,3.0
20558,3.0
20559,6.0
20560,6.0
20561,5.0
20562,4.0
20563,4.0
20564,3.0
20565,4.0
20566,2.0
20567,3.0
20568,4.0
20569,7.0
20570,1.0
20571,2.0
20572,1.0
20573,7.0
20574,4.0
20575,6.0
20576,3.0
20577,3.0
20578,5.0
20579,4.0
20580,1.0
20581,3.0
20582,2.0
20583,7.0
20584,4.0
20585,4.0
20586,7.0
20587,3.0
20588,3.0
20589,3.0
20590,2.0
20591,4.0
20592,4.0
20593,3.0
20594,3.0
20595,5.0
20596,3.0
20597,7.0
20598,4.0
20599,5.0
20600,0.0
20601,3.0
20602,1.0
20603,4.0
20604,3.0
20605,1.0
20606,4.0
20607,2.0
20608,3.0
20609,5.0
20610,6.0
20611,5.0
20612,5.0
20613,6.0
20614,8.0
20615,6.0
20616,4.0
20617,7.0
20618,1.0
20619,2.0
20620,3.0
20621,4.0
20622,4.0
20623,4.0
20624,3.0
20625,5.0
20626,3.0
20627,1.0
20628,2.0
20629,8.0
20630,7.0
20631,5.0
20632,1.0
20633,3.0
20634,5.0
20635,3.0
20636,5.0
20637,2.0
20638,7.0
20639,6.0
20640,5.0
20641,5.0
20642,1.0
20643,6.0
20644,2.0
20645,1.0
20646,5.0
20647,8.0
20648,4.0
20649,6.0
20650,1.0
20651,5.0
20652,3.0
20653,3.0
20654,5.0
20655,6.0
20656,5.0
20657,2.0
20658,4.0
20659,6.0
20660,3.0
20661,0.0
20662,6.0
20663,5.0
20664,6.0
20665,4.0
20666,7.0
20667,3.0
20668,4.0
20669,2.0
20670,5.0
20671,2.0
20672,1.0
20673,6.0
20674,0.0
20675,1.0
20676,5.0
20677,6.0
20678,0.0
20679,3.0
20680,2.0
20681,1.0
20682,0.0
20683,0.0
20684,2.0
20685,4.0
20686,5.0
20687,5.0
20688,4.0
20689,3.0
20690,4.0
20691,2.0
20692,3.0
20693,2.0
20694,5.0
20695,3.0
20696,5.0
20697,6.0
20698,2.0
20699,2.0
20700,4.0
20701,3.0
20702,3.0
20703,3.0
20704,3.0
20705,6.0
20706,3.0
20707,7.0
20708,2.0
20709,6.0
20710,4.0
20711,3.0
20712,1.0
20713,3.0
20714,5.0
20715,6.0
20716,5.0
20717,2.0
20718,7.0
20719,7.0
20720,6.0
20721,7.0
20722,4.0
20723,4.0
20724,2.0
20725,2.0
20726,4.0
20727,7.0
20728,5.0
20729,5.0
20730,4.0
20731,0.0
20732,1.0
20733,5.0
20734,1.0
20735,4.0
20736,5.0
20737,2.0
20738,6.0
20739,2.0
20740,5.0
20741,5.0
20742,5.0
20743,5.0
20744,1.0
20745,4.0
20746,3.0
20747,4.0
20748,2.0
20749,6.0
20750,7.0
20751,6.0
20752,3.0
20753,4.0
20754,4.0
20755,5.0
20756,7.0
20757,6.0
20758,6.0
20759,5.0
20760,3.0
20761,2.0
20762,2.0
20763,3.0
20764,5.0
20765,5.0
20766,3.0
20767,5.0
20768,7.0
20769,5.0
20770,6.0
20771,6.0
20772,1.0
20773,0.0
20774,6.0
20775,3.0
20776,2.0
20777,5.0
20778,7.0
20779,1.0
20780,0.0
20781,2.0
20782,5.0
20783,6.0
20784,7.0
20785,6.0
20786,2.0
20787,6.0
20788,5.0
20789,6.0
20790,3.0
20791,1.0
20792,3.0
20793,4.0
20794,3.0
20795,5.0
20796,6.0
20797,6.0
20798,4.0
20799,3.0
20800,5.0
20801,2.0
20802,7.0
20803,2.0
20804,2.0
20805,2.0
20806,3.0
20807,7.0
20808,3.0
20809,3.0
20810,4.0
20811,7.0
20812,6.0
20813,3.0
20814,3.0
20815,2.0
20816,2.0
20817,4.0
20818,5.0
20819,7.0
20820,4.0
20821,3.0
20822,2.0
20823,7.0
20824,3.0
20825,6.0
20826,6.0
20827,4.0
20828,5.0
20829,4.0
20830,2.0
20831,7.0
20832,2.0
20833,4.0
20834,2.0
20835,4.0
20836,5.0
20837,6.0
20838,3.0
20839,6.0
20840,2.0
20841,5.0
20842,5.0
20843,7.0
20844,5.0
20845,4.0
20846,6.0
20847,3.0
20848,2.0
20849,4.0
20850,3.0
20851,5.0
20852,3.0
20853,4.0
20854,3.0
20855,4.0
20856,2.0
20857,0.0
20858,5.0
20859,4.0
20860,7.0
20861,6.0
20862,3.0
20863,7.0
20864,5.0
20865,5.0
20866,5.0
20867,6.0
20868,5.0
20869,5.0
20870,6.0
20871,3.0
20872,2.0
20873,4.0
20874,4.0
20875,3.0
20876,3.0
20877,1.0
20878,2.0
20879,2.0
20880,4.0
20881,3.0
20882,4.0
20883,7.0
20884,0.0
20885,5.0
20886,1.0
20887,0.0
20888,4.0
20889,6.0
20890,6.0
20891,4.0
20892,4.0
20893,1.0
20894,5.0
20895,8.0
20896,7.0
20897,2.0
20898,5.0
20899,3.0
20900,2.0
20901,6.0
20902,2.0
20903,3.0
20904,5.0
20905,6.0
20906,5.0
20907,3.0
20908,7.0
20909,2.0
20910,5.0
20911,6.0
20912,0.0
20913,3.0
20914,4.0
20915,5.0
20916,6.0
20917,3.0
20918,3.0
20919,5.0
20920,8.0
20921,3.0
20922,2.0
20923,5.0
20924,6.0
20925,2.0
20926,8.0
20927,4.0
20928,6.0
20929,3.0
20930,3.0
20931,4.0
20932,2.0
20933,6.0
20934,6.0
20935,2.0
20936,3.0
20937,5.0
20938,4.0
20939,6.0
20940,3.0
20941,4.0
20942,5.0
20943,1.0
20944,7.0
20945,1.0
20946,7.0
20947,4.0
20948,2.0
20949,2.0
20950,7.0
20951,2.0
20952,3.0
20953,4.0
20954,2.0
20955,6.0
20956,4.0
20957,5.0
20958,1.0
20959,4.0
20960,3.0
20961,4.0
20962,4.0
20963,4.0
20964,5.0
20965,4.0
20966,6.0
20967,0.0
20968,0.0
20969,5.0
20970,3.0
20971,5.0
20972,3.0
20973,4.0
20974,3.0
20975,3.0
20976,1.0
20977,5.0
20978,2.0
20979,4.0
20980,3.0
20981,3.0
20982,1.0
20983,6.0
20984,2.0
20985,2.0
20986,1.0
20987,3.0
20988,3.0
20989,3.0
20990,1.0
20991,6.0
20992,7.0
20993,6.0
20994,3.0
20995,6.0
20996,1.0
20997,5.0
20998,6.0
20999,2.0
21000,5.0
21001,3.0
21002,7.0
21003,5.0
21004,3.0
21005,7.0
21006,6.0
21007,4.0
21008,2.0
21009,6.0
21010,4.0
21011,6.0
21012,3.0
21013,5.0
21014,4.0
21015,5.0
21016,6.0
21017,4.0
21018,3.0
21019,4.0
21020,4.0
21021,3.0
21022,6.0
21023,5.0
21024,2.0
21025,5.0
21026,3.0
21027,4.0
21028,2.0
21029,3.0
21030,5.0
21031,5.0
21032,4.0
21033,5.0
21034,5.0
21035,4.0
21036,0.0
21037,2.0
21038,2.0
21039,4.0
21040,4.0
21041,3.0
21042,5.0
21043,6.0
21044,5.0
21045,3.0
21046,5.0
21047,5.0
21048,5.0
21049,5.0
21050,2.0
21051,4.0
21052,4.0
21053,5.0
21054,3.0
21055,6.0
21056,4.0
21057,0.0
21058,5.0
21059,3.0
21060,1.0
21061,6.0
21062,3.0
21063,1.0
21064,7.0
21065,4.0
21066,6.0
21067,1.0
21068,5.0
21069,3.0
21070,3.0
21071,5.0
21072,3.0
21073,6.0
21074,1.0
21075,5.0
21076,3.0
21077,5.0
21078,6.0
21079,7.0
21080,6.0
21081,5.0
21082,2.0
21083,4.0
21084,1.0
21085,3.0
21086,6.0
21087,5.0
21088,5.0
21089,4.0
21090,2.0
21091,4.0
21092,4.0
21093,7.0
21094,7.0
21095,2.0
21096,6.0
21097,2.0
21098,5.0
21099,6.0
21100,6.0
21101,1.0
21102,2.0
21103,5.0
21104,0.0
21105,5.0
21106,3.0
21107,7.0
21108,4.0
21109,1.0
21110,3.0
21111,6.0
21112,0.0
21113,2.0
21114,5.0
21115,5.0
21116,5.0
21117,2.0
21118,5.0
21119,5.0
21120,7.0
21121,1.0
21122,4.0
21123,5.0
21124,1.0
21125,7.0
21126,2.0
21127,2.0
21128,3.0
21129,7.0
21130,6.0
21131,3.0
21132,7.0
21133,5.0
21134,2.0
21135,3.0
21136,1.0
21137,6.0
21138,4.0
21139,8.0
21140,6.0
21141,4.0
21142,1.0
21143,4.0
21144,4.0
21145,6.0
21146,8.0
21147,2.0
21148,7.0
21149,3.0
21150,6.0
21151,7.0
21152,0.0
21153,3.0
21154,1.0
21155,3.0
21156,6.0
21157,3.0
21158,6.0
21159,0.0
21160,2.0
21161,5.0
21162,7.0
21163,1.0
21164,1.0
21165,2.0
21166,7.0
21167,6.0
21168,3.0
21169,1.0
21170,4.0
21171,6.0
21172,4.0
21173,2.0
21174,4.0
21175,5.0
21176,4.0
21177,6.0
21178,5.0
21179,6.0
21180,4.0
21181,2.0
21182,3.0
21183,7.0
21184,4.0
21185,1.0
21186,5.0
21187,2.0
21188,3.0
21189,5.0
21190,6.0
21191,5.0
21192,5.0
21193,7.0
21194,2.0
21195,5.0
21196,2.0
21197,1.0
21198,7.0
21199,2.0
21200,4.0
21201,3.0
21202,0.0
21203,3.0
21204,5.0
21205,5.0
21206,2.0
21207,0.0
21208,7.0
21209,3.0
21210,5.0
21211,0.0
21212,5.0
21213,7.0
21214,3.0
21215,7.0
21216,3.0
21217,5.0
21218,3.0
21219,4.0
21220,4.0
21221,3.0
21222,1.0
21223,7.0
21224,5.0
21225,2.0
21226,4.0
21227,4.0
21228,4.0
21229,4.0
21230,2.0
21231,6.0
21232,5.0
21233,2.0
21234,5.0
21235,3.0
21236,4.0
21237,4.0
21238,3.0
21239,5.0
21240,3.0
21241,2.0
21242,4.0
21243,2.0
21244,2.0
21245,2.0
21246,1.0
21247,6.0
21248,3.0
21249,6.0
21250,4.0
21251,4.0
21252,4.0
21253,5.0
21254,6.0
21255,3.0
21256,6.0
21257,4.0
21258,8.0
21259,4.0
21260,3.0
21261,3.0
21262,5.0
21263,3.0
21264,3.0
21265,1.0
21266,2.0
21267,4.0
21268,3.0
21269,5.0
21270,4.0
21271,1.0
21272,6.0
21273,6.0
21274,0.0
21275,4.0
21276,4.0
21277,4.0
21278,1.0
21279,4.0
21280,2.0
21281,7.0
21282,6.0
21283,1.0
21284,1.0
21285,5.0
21286,6.0
21287,0.0
21288,7.0
21289,4.0
21290,4.0
21291,4.0
21292,6.0
21293,3.0
21294,5.0
21295,6.0
21296,0.0
21297,2.0
21298,5.0
21299,1.0
21300,7.0
21301,5.0
21302,4.0
21303,4.0
21304,6.0
21305,4.0
21306,4.0
21307,4.0
21308,7.0
21309,4.0
21310,1.0
21311,4.0
21312,4.0
21313,0.0
21314,6.0
21315,1.0
21316,3.0
21317,8.0
21318,3.0
21319,5.0
21320,3.0
21321,6.0
21322,3.0
21323,2.0
21324,5.0
21325,7.0
21326,6.0
21327,8.0
21328,3.0
21329,3.0
21330,2.0
21331,4.0
21332,8.0
21333,6.0
21334,3.0
21335,4.0
21336,5.0
21337,5.0
21338,3.0
21339,3.0
21340,1.0
21341,6.0
21342,1.0
21343,4.0
21344,4.0
21345,6.0
21346,2.0
21347,5.0
21348,2.0
21349,6.0
21350,6.0
21351,3.0
21352,4.0
21353,5.0
21354,5.0
21355,0.0
21356,6.0
21357,4.0
21358,7.0
21359,6.0
21360,2.0
21361,7.0
21362,1.0
21363,4.0
21364,1.0
21365,1.0
21366,3.0
21367,0.0
21368,4.0
21369,6.0
21370,3.0
21371,0.0
21372,5.0
21373,5.0
21374,6.0
21375,6.0
21376,6.0
21377,2.0
21378,1.0
21379,2.0
21380,0.0
21381,4.0
21382,3.0
21383,5.0
21384,6.0
21385,4.0
21386,5.0
21387,8.0
21388,5.0
21389,2.0
21390,6.0
21391,0.0
21392,7.0
21393,6.0
21394,5.0
21395,1.0
21396,4.0
21397,6.0
21398,7.0
21399,0.0
21400,0.0
21401,5.0
21402,1.0
21403,5.0
21404,1.0
21405,1.0
21406,4.0
21407,2.0
21408,2.0
21409,0.0
21410,0.0
21411,1.0
21412,4.0
21413,2.0
21414,3.0
21415,6.0
21416,4.0
21417,2.0
21418,4.0
21419,1.0
21420,5.0
21421,2.0
21422,4.0
21423,6.0
21424,3.0
21425,0.0
21426,3.0
21427,6.0
21428,6.0
21429,3.0
21430,0.0
21431,4.0
21432,5.0
21433,2.0
21434,1.0
21435,1.0
21436,2.0
21437,1.0
21438,3.0
21439,2.0
21440,7.0
21441,1.0
21442,2.0
21443,3.0
21444,6.0
21445,7.0
21446,1.0
21447,1.0
21448,5.0
21449,4.0
21450,1.0
21451,1.0
21452,4.0
21453,4.0
21454,3.0
21455,7.0
21456,1.0
21457,2.0
21458,3.0
21459,6.0
21460,0.0
21461,6.0
21462,4.0
21463,3.0
21464,3.0
21465,0.0
21466,5.0
21467,6.0
21468,4.0
21469,1.0
21470,7.0
21471,2.0
21472,6.0
21473,4.0
21474,3.0
21475,5.0
21476,0.0
21477,5.0
21478,6.0
21479,5.0
21480,5.0
21481,1.0
21482,6.0
21483,5.0
21484,4.0
21485,3.0
21486,2.0
21487,4.0
21488,4.0
21489,2.0
21490,0.0
21491,6.0
21492,0.0
21493,4.0
21494,1.0
21495,4.0
21496,1.0
21497,4.0
21498,2.0
21499,1.0
21500,5.0
21501,3.0
21502,3.0
21503,3.0
21504,5.0
21505,4.0
21506,4.0
21507,2.0
21508,4.0
21509,7.0
21510,5.0
21511,2.0
21512,8.0
21513,5.0
21514,0.0
21515,1.0
21516,3.0
21517,7.0
21518,0.0
21519,7.0
21520,4.0
21521,4.0
21522,5.0
21523,6.0
21524,2.0
21525,0.0
21526,5.0
21527,1.0
21528,6.0
21529,7.0
21530,4.0
21531,1.0
21532,5.0
21533,4.0
21534,6.0
21535,3.0
21536,5.0
21537,3.0
21538,8.0
21539,5.0
21540,6.0
21541,2.0
21542,6.0
21543,7.0
21544,4.0
21545,3.0
21546,5.0
21547,6.0
21548,4.0
21549,6.0
21550,5.0
21551,3.0
21552,6.0
21553,4.0
21554,5.0
21555,5.0
21556,4.0
21557,3.0
21558,2.0
21559,2.0
21560,4.0
21561,1.0
21562,4.0
21563,7.0
21564,3.0
21565,7.0
21566,1.0
21567,7.0
21568,4.0
21569,0.0
21570,4.0
21571,4.0
21572,0.0
21573,7.0
21574,6.0
21575,4.0
21576,6.0
21577,7.0
21578,3.0
21579,3.0
21580,2.0
21581,4.0
21582,3.0
21583,6.0
21584,7.0
21585,3.0
21586,5.0
21587,4.0
21588,2.0
21589,1.0
21590,4.0
21591,4.0
21592,2.0
21593,2.0
21594,7.0
21595,2.0
21596,1.0
21597,4.0
21598,5.0
21599,5.0
21600,3.0
21601,1.0
21602,0.0
21603,4.0
21604,1.0
21605,2.0
21606,2.0
21607,0.0
21608,2.0
21609,3.0
21610,3.0
21611,1.0
21612,6.0
21613,4.0
21614,2.0
21615,3.0
21616,1.0
21617,2.0
21618,1.0
21619,4.0
21620,6.0
21621,4.0
21622,3.0
21623,4.0
21624,4.0
21625,4.0
21626,2.0
21627,0.0
21628,1.0
21629,3.0
21630,1.0
21631,3.0
21632,5.0
21633,3.0
21634,7.0
21635,3.0
21636,0.0
21637,5.0
21638,4.0
21639,3.0
21640,4.0
21641,1.0
21642,7.0
21643,3.0
21644,2.0
21645,6.0
21646,7.0
21647,8.0
21648,6.0
21649,2.0
21650,8.0
21651,5.0
21652,1.0
21653,2.0
21654,2.0
21655,2.0
21656,5.0
21657,7.0
21658,5.0
21659,1.0
21660,0.0
21661,5.0
21662,5.0
21663,2.0
21664,7.0
21665,5.0
21666,4.0
21667,5.0
21668,2.0
21669,6.0
21670,6.0
21671,1.0
21672,5.0
21673,3.0
21674,6.0
21675,8.0
21676,6.0
21677,7.0
21678,6.0
21679,4.0
21680,5.0
21681,6.0
21682,1.0
21683,4.0
21684,6.0
21685,2.0
21686,3.0
21687,1.0
21688,5.0
21689,3.0
21690,4.0
21691,5.0
21692,6.0
21693,4.0
21694,5.0
21695,6.0
21696,2.0
21697,6.0
21698,4.0
21699,3.0
21700,2.0
21701,4.0
21702,5.0
21703,4.0
21704,2.0
21705,0.0
21706,3.0
21707,0.0
21708,4.0
21709,0.0
21710,1.0
21711,6.0
21712,5.0
21713,3.0
21714,2.0
21715,6.0
21716,0.0
21717,6.0
21718,5.0
21719,4.0
21720,4.0
21721,7.0
21722,1.0
21723,2.0
21724,7.0
21725,5.0
21726,2.0
21727,7.0
21728,3.0
21729,3.0
21730,5.0
21731,3.0
21732,3.0
21733,1.0
21734,7.0
21735,2.0
21736,2.0
21737,2.0
21738,6.0
21739,3.0
21740,1.0
21741,6.0
21742,2.0
21743,6.0
21744,4.0
21745,3.0
21746,2.0
21747,7.0
21748,5.0
21749,7.0
21750,1.0
21751,1.0
21752,2.0
21753,7.0
21754,5.0
21755,5.0
21756,7.0
21757,4.0
21758,4.0
21759,0.0
21760,2.0
21761,5.0
21762,0.0
21763,5.0
21764,4.0
21765,5.0
21766,1.0
21767,4.0
21768,3.0
21769,0.0
21770,5.0
21771,6.0
21772,4.0
21773,4.0
21774,2.0
21775,3.0
21776,7.0
21777,3.0
21778,4.0
21779,7.0
21780,5.0
21781,7.0
21782,8.0
21783,4.0
21784,3.0
21785,4.0
21786,1.0
21787,1.0
21788,1.0
21789,6.0
21790,0.0
21791,6.0
21792,6.0
21793,1.0
21794,2.0
21795,3.0
21796,7.0
21797,6.0
21798,2.0
21799,4.0
21800,4.0
21801,1.0
21802,4.0
21803,1.0
21804,6.0
21805,3.0
21806,6.0
21807,1.0
21808,2.0
21809,3.0
21810,7.0
21811,5.0
21812,3.0
21813,4.0
21814,3.0
21815,4.0
21816,0.0
21817,5.0
21818,6.0
21819,6.0
21820,3.0
21821,4.0
21822,1.0
21823,7.0
21824,7.0
21825,7.0
21826,1.0
21827,4.0
21828,2.0
21829,5.0
21830,7.0
21831,2.0
21832,0.0
21833,4.0
21834,4.0
21835,6.0
21836,3.0
21837,6.0
21838,0.0
21839,1.0
21840,6.0
21841,5.0
21842,3.0
21843,3.0
21844,0.0
21845,8.0
21846,3.0
21847,5.0
21848,7.0
21849,4.0
21850,1.0
21851,1.0
21852,2.0
21853,2.0
21854,7.0
21855,2.0
21856,6.0
21857,3.0
21858,1.0
21859,4.0
21860,6.0
21861,6.0
21862,5.0
21863,6.0
21864,4.0
21865,4.0
21866,6.0
21867,2.0
21868,1.0
21869,3.0
21870,2.0
21871,4.0
21872,3.0
21873,2.0
21874,6.0
21875,5.0
21876,0.0
21877,3.0
21878,4.0
21879,0.0
21880,3.0
21881,3.0
21882,5.0
21883,7.0
21884,5.0
21885,2.0
21886,3.0
21887,9.0
21888,4.0
21889,5.0
21890,1.0
21891,0.0
21892,6.0
21893,5.0
21894,1.0
21895,4.0
21896,3.0
21897,5.0
21898,2.0
21899,7.0
21900,5.0
21901,2.0
21902,4.0
21903,6.0
21904,3.0
21905,4.0
21906,6.0
21907,7.0
21908,2.0
21909,5.0
21910,5.0
21911,1.0
21912,5.0
21913,1.0
21914,5.0
21915,4.0
21916,0.0
21917,2.0
21918,8.0
21919,6.0
21920,6.0
21921,2.0
21922,6.0
21923,7.0
21924,7.0
21925,0.0
21926,4.0
21927,1.0
21928,3.0
21929,3.0
21930,5.0
21931,3.0
21932,1.0
21933,6.0
21934,0.0
21935,4.0
21936,6.0
21937,0.0
21938,5.0
21939,4.0
21940,3.0
21941,3.0
21942,4.0
21943,4.0
21944,8.0
21945,1.0
21946,4.0
21947,2.0
21948,5.0
21949,1.0
21950,5.0
21951,5.0
21952,6.0
21953,3.0
21954,2.0
21955,4.0
21956,4.0
21957,1.0
21958,5.0
21959,4.0
21960,1.0
21961,0.0
21962,1.0
21963,0.0
21964,1.0
21965,2.0
21966,2.0
21967,3.0
21968,5.0
21969,4.0
21970,2.0
21971,2.0
21972,5.0
21973,7.0
21974,6.0
21975,1.0
21976,2.0
21977,4.0
21978,4.0
21979,1.0
21980,3.0
21981,5.0
21982,3.0
21983,5.0
21984,3.0
21985,2.0
21986,4.0
21987,0.0
21988,7.0
21989,3.0
21990,3.0
21991,8.0
21992,6.0
21993,4.0
21994,7.0
21995,3.0
21996,4.0
21997,3.0
21998,1.0
21999,7.0
22000,7.0
22001,3.0
22002,5.0
22003,6.0
22004,2.0
22005,3.0
22006,4.0
22007,1.0
22008,4.0
22009,1.0
22010,5.0
22011,1.0
22012,1.0
22013,2.0
22014,7.0
22015,5.0
22016,6.0
22017,2.0
22018,4.0
22019,4.0
22020,3.0
22021,1.0
22022,4.0
22023,5.0
22024,8.0
22025,4.0
22026,1.0
22027,1.0
22028,5.0
22029,7.0
22030,3.0
22031,1.0
22032,7.0
22033,5.0
22034,1.0
22035,1.0
22036,5.0
22037,4.0
22038,2.0
22039,2.0
22040,3.0
22041,1.0
22042,2.0
22043,1.0
22044,3.0
22045,5.0
22046,4.0
22047,2.0
22048,1.0
22049,5.0
22050,4.0
22051,3.0
22052,3.0
22053,3.0
22054,4.0
22055,4.0
22056,0.0
22057,6.0
22058,0.0
22059,3.0
22060,4.0
22061,5.0
22062,3.0
22063,1.0
22064,5.0
22065,8.0
22066,6.0
22067,1.0
22068,5.0
22069,6.0
22070,6.0
22071,3.0
22072,3.0
22073,6.0
22074,4.0
22075,8.0
22076,3.0
22077,6.0
22078,5.0
22079,2.0
22080,2.0
22081,4.0
22082,4.0
22083,6.0
22084,4.0
22085,4.0
22086,5.0
22087,5.0
22088,5.0
22089,2.0
22090,2.0
22091,3.0
22092,7.0
22093,3.0
22094,6.0
22095,2.0
22096,5.0
22097,5.0
22098,6.0
22099,5.0
22100,4.0
22101,5.0
22102,6.0
22103,5.0
22104,4.0
22105,7.0
22106,8.0
22107,4.0
22108,6.0
22109,4.0
22110,2.0
22111,7.0
22112,2.0
22113,6.0
22114,6.0
22115,3.0
22116,1.0
22117,4.0
22118,6.0
22119,2.0
22120,3.0
22121,2.0
22122,3.0
22123,3.0
22124,4.0
22125,1.0
22126,7.0
22127,4.0
22128,1.0
22129,3.0
22130,6.0
22131,5.0
22132,8.0
22133,7.0
22134,2.0
22135,4.0
22136,3.0
22137,0.0
22138,3.0
22139,1.0
22140,6.0
22141,3.0
22142,4.0
22143,8.0
22144,5.0
22145,2.0
22146,5.0
22147,6.0
22148,3.0
22149,3.0
22150,4.0
22151,3.0
22152,2.0
22153,5.0
22154,6.0
22155,7.0
22156,4.0
22157,2.0
22158,2.0
22159,5.0
22160,3.0
22161,5.0
22162,3.0
22163,6.0
22164,3.0
22165,5.0
22166,4.0
22167,6.0
22168,6.0
22169,3.0
22170,4.0
22171,7.0
22172,4.0
22173,1.0
22174,5.0
22175,6.0
22176,7.0
22177,5.0
22178,6.0
22179,3.0
22180,1.0
22181,1.0
22182,0.0
22183,5.0
22184,5.0
22185,4.0
22186,7.0
22187,3.0
22188,3.0
22189,6.0
22190,2.0
22191,8.0
22192,3.0
22193,5.0
22194,7.0
22195,3.0
22196,5.0
22197,3.0
22198,1.0
22199,4.0
22200,5.0
22201,4.0
22202,5.0
22203,1.0
22204,3.0
22205,5.0
22206,4.0
22207,6.0
22208,2.0
22209,1.0
22210,4.0
22211,4.0
22212,8.0
22213,5.0
22214,6.0
22215,2.0
22216,1.0
22217,0.0
22218,3.0
22219,1.0
22220,3.0
22221,5.0
22222,5.0
22223,6.0
22224,7.0
22225,3.0
22226,6.0
22227,4.0
22228,1.0
22229,6.0
22230,4.0
22231,6.0
22232,4.0
22233,1.0
22234,3.0
22235,7.0
22236,2.0
22237,2.0
22238,5.0
22239,5.0
22240,4.0
22241,2.0
22242,7.0
22243,2.0
22244,5.0
22245,4.0
22246,3.0
22247,3.0
22248,5.0
22249,2.0
22250,3.0
22251,5.0
22252,4.0
22253,2.0
22254,3.0
22255,5.0
22256,1.0
22257,2.0
22258,5.0
22259,4.0
22260,2.0
22261,3.0
22262,0.0
22263,6.0
22264,5.0
22265,4.0
22266,2.0
22267,5.0
22268,5.0
22269,3.0
22270,1.0
22271,4.0
22272,1.0
22273,6.0
22274,1.0
22275,5.0
22276,2.0
22277,1.0
22278,2.0
22279,0.0
22280,6.0
22281,4.0
22282,3.0
22283,4.0
22284,1.0
22285,4.0
22286,5.0
22287,6.0
22288,0.0
22289,5.0
22290,4.0
22291,3.0
22292,1.0
22293,4.0
22294,4.0
22295,2.0
22296,6.0
22297,1.0
22298,4.0
22299,2.0
22300,0.0
22301,3.0
22302,5.0
22303,4.0
22304,4.0
22305,5.0
22306,3.0
22307,4.0
22308,3.0
22309,7.0
22310,1.0
22311,6.0
22312,1.0
22313,3.0
22314,3.0
22315,3.0
22316,6.0
22317,1.0
22318,1.0
22319,3.0
22320,7.0
22321,4.0
22322,0.0
22323,0.0
22324,5.0
22325,0.0
22326,9.0
22327,3.0
22328,3.0
22329,2.0
22330,6.0
22331,1.0
22332,4.0
22333,1.0
22334,3.0
22335,6.0
22336,6.0
22337,2.0
22338,3.0
22339,6.0
22340,2.0
22341,5.0
22342,6.0
22343,5.0
22344,6.0
22345,1.0
22346,6.0
22347,6.0
22348,4.0
22349,3.0
22350,5.0
22351,2.0
22352,3.0
22353,4.0
22354,6.0
22355,7.0
22356,5.0
22357,4.0
22358,6.0
22359,5.0
22360,6.0
22361,4.0
22362,5.0
22363,6.0
22364,5.0
22365,1.0
22366,6.0
22367,7.0
22368,4.0
22369,1.0
22370,2.0
22371,3.0
22372,4.0
22373,2.0
22374,2.0
22375,2.0
22376,1.0
22377,3.0
22378,6.0
22379,3.0
22380,3.0
22381,5.0
22382,2.0
22383,1.0
22384,3.0
22385,6.0
22386,7.0
22387,1.0
22388,5.0
22389,4.0
22390,3.0
22391,6.0
22392,3.0
22393,7.0
22394,6.0
22395,1.0
22396,3.0
22397,1.0
22398,6.0
22399,5.0
22400,4.0
22401,5.0
22402,4.0
22403,3.0
22404,5.0
22405,3.0
22406,5.0
22407,1.0
22408,3.0
22409,3.0
22410,1.0
22411,2.0
22412,0.0
22413,8.0
22414,3.0
22415,2.0
22416,5.0
22417,5.0
22418,2.0
22419,6.0
22420,5.0
22421,5.0
22422,4.0
22423,4.0
22424,7.0
22425,3.0
22426,5.0
22427,3.0
22428,0.0
22429,0.0
22430,2.0
22431,4.0
22432,4.0
22433,3.0
22434,0.0
22435,2.0
22436,3.0
22437,1.0
22438,6.0
22439,2.0
22440,2.0
22441,4.0
22442,2.0
22443,2.0
22444,5.0
22445,6.0
22446,3.0
22447,5.0
22448,2.0
22449,3.0
22450,6.0
22451,6.0
22452,5.0
22453,6.0
22454,6.0
22455,7.0
22456,6.0
22457,6.0
22458,4.0
22459,3.0
22460,5.0
22461,8.0
22462,1.0
22463,6.0
22464,7.0
22465,6.0
22466,0.0
22467,1.0
22468,4.0
22469,1.0
22470,5.0
22471,3.0
22472,2.0
22473,2.0
22474,2.0
22475,5.0
22476,5.0
22477,2.0
22478,8.0
22479,5.0
22480,8.0
22481,6.0
22482,6.0
22483,5.0
22484,4.0
22485,6.0
22486,6.0
22487,4.0
22488,2.0
22489,6.0
22490,4.0
22491,0.0
22492,4.0
22493,3.0
22494,1.0
22495,6.0
22496,5.0
22497,3.0
22498,2.0
22499,3.0
22500,4.0
22501,7.0
22502,3.0
22503,3.0
22504,6.0
22505,4.0
22506,6.0
22507,3.0
22508,3.0
22509,6.0
22510,5.0
22511,4.0
22512,7.0
22513,4.0
22514,1.0
22515,2.0
22516,3.0
22517,1.0
22518,5.0
22519,6.0
22520,4.0
22521,0.0
22522,2.0
22523,2.0
22524,2.0
22525,6.0
22526,4.0
22527,2.0
22528,0.0
22529,3.0
22530,3.0
22531,2.0
22532,0.0
22533,2.0
22534,6.0
22535,1.0
22536,6.0
22537,5.0
22538,6.0
22539,4.0
22540,4.0
22541,4.0
22542,1.0
22543,4.0
22544,1.0
22545,6.0
22546,2.0
22547,1.0
22548,2.0
22549,7.0
22550,2.0
22551,3.0
22552,3.0
22553,4.0
22554,7.0
22555,0.0
22556,4.0
22557,3.0
22558,0.0
22559,2.0
22560,3.0
22561,4.0
22562,1.0
22563,0.0
22564,4.0
22565,1.0
22566,5.0
22567,6.0
22568,6.0
22569,1.0
22570,4.0
22571,4.0
22572,5.0
22573,6.0
22574,1.0
22575,2.0
22576,4.0
22577,0.0
22578,3.0
22579,5.0
22580,7.0
22581,2.0
22582,1.0
22583,5.0
22584,3.0
22585,2.0
22586,6.0
22587,5.0
22588,5.0
22589,7.0
22590,6.0
22591,3.0
22592,6.0
22593,1.0
22594,3.0
22595,6.0
22596,5.0
22597,2.0
22598,1.0
22599,7.0
22600,2.0
22601,1.0
22602,5.0
22603,7.0
22604,6.0
22605,4.0
22606,3.0
22607,2.0
22608,6.0
22609,6.0
22610,0.0
22611,3.0
22612,7.0
22613,5.0
22614,5.0
22615,5.0
22616,3.0
22617,3.0
22618,2.0
22619,1.0
22620,1.0
22621,1.0
22622,8.0
22623,6.0
22624,3.0
22625,2.0
22626,1.0
22627,0.0
22628,5.0
22629,5.0
22630,0.0
22631,2.0
22632,5.0
22633,4.0
22634,0.0
22635,5.0
22636,6.0
22637,2.0
22638,4.0
22639,7.0
22640,2.0
22641,3.0
22642,4.0
22643,2.0
22644,4.0
22645,4.0
22646,4.0
22647,2.0
22648,3.0
22649,2.0
22650,8.0
22651,5.0
22652,2.0
22653,4.0
22654,3.0
22655,8.0
22656,4.0
22657,0.0
22658,2.0
22659,7.0
22660,1.0
22661,0.0
22662,2.0
22663,4.0
22664,3.0
22665,7.0
22666,4.0
22667,5.0
22668,4.0
22669,4.0
22670,2.0
22671,2.0
22672,3.0
22673,2.0
22674,7.0
22675,3.0
22676,2.0
22677,5.0
22678,6.0
22679,3.0
22680,2.0
22681,3.0
22682,2.0
22683,1.0
22684,4.0
22685,3.0
22686,3.0
22687,3.0
22688,3.0
22689,5.0
22690,5.0
22691,5.0
22692,1.0
22693,5.0
22694,1.0
22695,5.0
22696,6.0
22697,4.0
22698,2.0
22699,0.0
22700,4.0
22701,2.0
22702,2.0
22703,4.0
22704,3.0
22705,5.0
22706,6.0
22707,1.0
22708,4.0
22709,3.0
22710,5.0
22711,1.0
22712,3.0
22713,7.0
22714,3.0
22715,3.0
22716,2.0
22717,7.0
22718,2.0
22719,4.0
22720,0.0
22721,3.0
22722,3.0
22723,7.0
22724,7.0
22725,0.0
22726,2.0
22727,2.0
22728,5.0
22729,3.0
22730,0.0
22731,8.0
22732,3.0
22733,6.0
22734,5.0
22735,3.0
22736,7.0
22737,6.0
22738,1.0
22739,6.0
22740,5.0
22741,1.0
22742,4.0
22743,7.0
22744,4.0
22745,2.0
22746,6.0
22747,0.0
22748,1.0
22749,3.0
22750,7.0
22751,3.0
22752,1.0
22753,1.0
22754,7.0
22755,6.0
22756,6.0
22757,6.0
22758,5.0
22759,2.0
22760,0.0
22761,2.0
22762,2.0
22763,6.0
22764,5.0
22765,2.0
22766,4.0
22767,1.0
22768,4.0
22769,3.0
22770,4.0
22771,2.0
22772,4.0
22773,5.0
22774,4.0
22775,4.0
22776,6.0
22777,7.0
22778,6.0
22779,3.0
22780,5.0
22781,1.0
22782,0.0
22783,2.0
22784,5.0
22785,1.0
22786,4.0
22787,2.0
22788,4.0
22789,5.0
22790,6.0
22791,5.0
22792,4.0
22793,7.0
22794,2.0
22795,1.0
22796,5.0
22797,0.0
22798,3.0
22799,3.0
22800,2.0
22801,3.0
22802,3.0
22803,7.0
22804,3.0
22805,1.0
22806,3.0
22807,5.0
22808,6.0
22809,2.0
22810,5.0
22811,7.0
22812,4.0
22813,5.0
22814,3.0
22815,7.0
22816,2.0
22817,6.0
22818,3.0
22819,5.0
22820,1.0
22821,2.0
22822,5.0
22823,3.0
22824,0.0
22825,4.0
22826,2.0
22827,4.0
22828,3.0
22829,5.0
22830,5.0
22831,7.0
22832,5.0
22833,2.0
22834,2.0
22835,3.0
22836,2.0
22837,7.0
22838,5.0
22839,3.0
22840,3.0
22841,5.0
22842,2.0
22843,2.0
22844,3.0
22845,3.0
22846,6.0
22847,4.0
22848,5.0
22849,6.0
22850,0.0
22851,4.0
22852,4.0
22853,3.0
22854,6.0
22855,0.0
22856,3.0
22857,0.0
22858,2.0
22859,4.0
22860,1.0
22861,1.0
22862,2.0
22863,5.0
22864,7.0
22865,5.0
22866,0.0
22867,2.0
22868,6.0
22869,6.0
22870,1.0
22871,6.0
22872,5.0
22873,2.0
22874,1.0
22875,2.0
22876,4.0
22877,3.0
22878,6.0
22879,5.0
22880,5.0
22881,4.0
22882,4.0
22883,1.0
22884,6.0
22885,4.0
22886,4.0
22887,1.0
22888,1.0
22889,2.0
22890,3.0
22891,4.0
22892,4.0
22893,0.0
22894,4.0
22895,2.0
22896,2.0
22897,2.0
22898,3.0
22899,1.0
22900,5.0
22901,4.0
22902,1.0
22903,4.0
22904,2.0
22905,2.0
22906,4.0
22907,0.0
22908,3.0
22909,2.0
22910,5.0
22911,3.0
22912,4.0
22913,7.0
22914,8.0
22915,7.0
22916,5.0
22917,5.0
22918,4.0
22919,6.0
22920,2.0
22921,4.0
22922,0.0
22923,3.0
22924,0.0
22925,4.0
22926,3.0
22927,2.0
22928,3.0
22929,4.0
22930,3.0
22931,2.0
22932,6.0
22933,3.0
22934,3.0
22935,1.0
22936,5.0
22937,1.0
22938,6.0
22939,1.0
22940,1.0
22941,2.0
22942,4.0
22943,7.0
22944,7.0
22945,2.0
22946,4.0
22947,2.0
22948,3.0
22949,2.0
22950,5.0
22951,2.0
22952,5.0
22953,5.0
22954,4.0
22955,1.0
22956,2.0
22957,1.0
22958,0.0
22959,2.0
22960,4.0
22961,6.0
22962,5.0
22963,7.0
22964,2.0
22965,6.0
22966,3.0
22967,4.0
22968,4.0
22969,4.0
22970,6.0
22971,1.0
22972,1.0
22973,3.0
22974,4.0
22975,3.0
22976,5.0
22977,0.0
22978,6.0
22979,2.0
22980,3.0
22981,1.0
22982,7.0
22983,1.0
22984,6.0
22985,3.0
22986,0.0
22987,3.0
22988,3.0
22989,8.0
22990,4.0
22991,2.0
22992,1.0
22993,1.0
22994,1.0
22995,3.0
22996,8.0
22997,6.0
22998,7.0
22999,6.0
23000,4.0
23001,2.0
23002,5.0
23003,5.0
23004,3.0
23005,1.0
23006,4.0
23007,2.0
23008,2.0
23009,5.0
23010,2.0
23011,3.0
23012,2.0
23013,2.0
23014,6.0
23015,5.0
23016,4.0
23017,0.0
23018,6.0
23019,2.0
23020,5.0
23021,1.0
23022,5.0
23023,8.0
23024,3.0
23025,7.0
23026,4.0
23027,0.0
23028,1.0
23029,5.0
23030,4.0
23031,0.0
23032,4.0
23033,0.0
23034,5.0
23035,3.0
23036,3.0
23037,3.0
23038,7.0
23039,5.0
23040,7.0
23041,5.0
23042,7.0
23043,7.0
23044,2.0
23045,5.0
23046,4.0
23047,5.0
23048,1.0
23049,5.0
23050,8.0
23051,1.0
23052,5.0
23053,2.0
23054,5.0
23055,2.0
23056,5.0
23057,6.0
23058,7.0
23059,7.0
23060,1.0
23061,7.0
23062,4.0
23063,5.0
23064,6.0
23065,2.0
23066,6.0
23067,3.0
23068,1.0
23069,2.0
23070,6.0
23071,6.0
23072,4.0
23073,5.0
23074,3.0
23075,6.0
23076,0.0
23077,1.0
23078,7.0
23079,3.0
23080,6.0
23081,4.0
23082,7.0
23083,1.0
23084,1.0
23085,5.0
23086,1.0
23087,1.0
23088,7.0
23089,2.0
23090,2.0
23091,5.0
23092,7.0
23093,5.0
23094,0.0
23095,4.0
23096,4.0
23097,8.0
23098,4.0
23099,5.0
23100,3.0
23101,4.0
23102,3.0
23103,5.0
23104,2.0
23105,1.0
23106,3.0
23107,5.0
23108,5.0
23109,6.0
23110,3.0
23111,2.0
23112,7.0
23113,3.0
23114,1.0
23115,3.0
23116,2.0
23117,4.0
23118,1.0
23119,6.0
23120,3.0
23121,7.0
23122,7.0
23123,1.0
23124,5.0
23125,2.0
23126,3.0
23127,6.0
23128,4.0
23129,1.0
23130,0.0
23131,0.0
23132,5.0
23133,2.0
23134,0.0
23135,3.0
23136,1.0
23137,6.0
23138,6.0
23139,1.0
23140,4.0
23141,4.0
23142,3.0
23143,0.0
23144,3.0
23145,4.0
23146,0.0
23147,5.0
23148,5.0
23149,1.0
23150,5.0
23151,6.0
23152,4.0
23153,3.0
23154,0.0
23155,1.0
23156,3.0
23157,5.0
23158,2.0
23159,3.0
23160,4.0
23161,7.0
23162,4.0
23163,5.0
23164,2.0
23165,3.0
23166,3.0
23167,5.0
23168,6.0
23169,0.0
23170,3.0
23171,7.0
23172,0.0
23173,5.0
23174,7.0
23175,3.0
23176,6.0
23177,4.0
23178,4.0
23179,4.0
23180,4.0
23181,6.0
23182,1.0
23183,4.0
23184,1.0
23185,6.0
23186,4.0
23187,7.0
23188,3.0
23189,6.0
23190,1.0
23191,1.0
23192,2.0
23193,1.0
23194,3.0
23195,6.0
23196,3.0
23197,1.0
23198,5.0
23199,5.0
23200,1.0
23201,5.0
23202,3.0
23203,7.0
23204,7.0
23205,6.0
23206,3.0
23207,1.0
23208,3.0
23209,1.0
23210,1.0
23211,2.0
23212,3.0
23213,6.0
23214,2.0
23215,1.0
23216,6.0
23217,5.0
23218,3.0
23219,3.0
23220,4.0
23221,3.0
23222,5.0
23223,1.0
23224,7.0
23225,1.0
23226,3.0
23227,5.0
23228,3.0
23229,3.0
23230,2.0
23231,6.0
23232,2.0
23233,1.0
23234,5.0
23235,1.0
23236,0.0
23237,7.0
23238,0.0
23239,4.0
23240,3.0
23241,5.0
23242,5.0
23243,0.0
23244,4.0
23245,5.0
23246,5.0
23247,7.0
23248,3.0
23249,4.0
23250,2.0
23251,3.0
23252,0.0
23253,3.0
23254,2.0
23255,6.0
23256,6.0
23257,5.0
23258,3.0
23259,4.0
23260,5.0
23261,3.0
23262,6.0
23263,6.0
23264,1.0
23265,2.0
23266,5.0
23267,5.0
23268,7.0
23269,4.0
23270,2.0
23271,2.0
23272,2.0
23273,1.0
23274,2.0
23275,5.0
23276,2.0
23277,1.0
23278,4.0
23279,2.0
23280,2.0
23281,4.0
23282,6.0
23283,1.0
23284,5.0
23285,5.0
23286,2.0
23287,2.0
23288,2.0
23289,7.0
23290,4.0
23291,4.0
23292,6.0
23293,0.0
23294,3.0
23295,3.0
23296,2.0
23297,2.0
23298,6.0
23299,1.0
23300,6.0
23301,3.0
23302,2.0
23303,4.0
23304,2.0
23305,2.0
23306,2.0
23307,0.0
23308,4.0
23309,6.0
23310,5.0
23311,3.0
23312,7.0
23313,3.0
23314,4.0
23315,7.0
23316,0.0
23317,4.0
23318,2.0
23319,1.0
23320,1.0
23321,7.0
23322,8.0
23323,4.0
23324,1.0
23325,2.0
23326,2.0
23327,4.0
23328,8.0
23329,8.0
23330,1.0
23331,8.0
23332,2.0
23333,6.0
23334,8.0
23335,7.0
23336,3.0
23337,4.0
23338,5.0
23339,7.0
23340,0.0
23341,5.0
23342,2.0
23343,4.0
23344,6.0
23345,7.0
23346,1.0
23347,3.0
23348,2.0
23349,7.0
23350,6.0
23351,0.0
23352,1.0
23353,3.0
23354,5.0
23355,5.0
23356,6.0
23357,0.0
23358,5.0
23359,3.0
23360,2.0
23361,1.0
23362,0.0
23363,1.0
23364,2.0
23365,2.0
23366,3.0
23367,4.0
23368,7.0
23369,2.0
23370,6.0
23371,6.0
23372,3.0
23373,6.0
23374,5.0
23375,2.0
23376,6.0
23377,4.0
23378,3.0
23379,5.0
23380,4.0
23381,1.0
23382,5.0
23383,1.0
23384,0.0
23385,2.0
23386,1.0
23387,4.0
23388,6.0
23389,2.0
23390,0.0
23391,8.0
23392,3.0
23393,2.0
23394,5.0
23395,0.0
23396,8.0
23397,8.0
23398,5.0
23399,4.0
23400,1.0
23401,7.0
23402,1.0
23403,1.0
23404,5.0
23405,1.0
23406,0.0
23407,5.0
23408,1.0
23409,5.0
23410,2.0
23411,6.0
23412,7.0
23413,7.0
23414,6.0
23415,2.0
23416,3.0
23417,5.0
23418,5.0
23419,4.0
23420,0.0
23421,2.0
23422,2.0
23423,1.0
23424,6.0
23425,4.0
23426,0.0
23427,4.0
23428,3.0
23429,0.0
23430,2.0
23431,2.0
23432,2.0
23433,1.0
23434,2.0
23435,3.0
23436,2.0
23437,3.0
23438,3.0
23439,1.0
23440,6.0
23441,1.0
23442,2.0
23443,3.0
23444,1.0
23445,4.0
23446,6.0
23447,1.0
23448,5.0
23449,8.0
23450,3.0
23451,3.0
23452,5.0
23453,7.0
23454,3.0
23455,3.0
23456,8.0
23457,0.0
23458,5.0
23459,7.0
23460,3.0
23461,3.0
23462,6.0
23463,7.0
23464,1.0
23465,2.0
23466,6.0
23467,5.0
23468,0.0
23469,3.0
23470,6.0
23471,5.0
23472,1.0
23473,3.0
23474,4.0
23475,5.0
23476,3.0
23477,2.0
23478,3.0
23479,4.0
23480,1.0
23481,5.0
23482,3.0
23483,2.0
23484,7.0
